,tweet_id,lat,lon,content,location,user,raw_source,data_point,time
836963640955793408,836963640955793408,,,Damn and Pacino was supposed to be in Goodfellas too SMH imagine that https://t.co/HjvC1UTY3F,"Harrisburg, PA",60220819,"{'created_at': 'Wed Mar 01 15:37:36 +0000 2017', 'id': 836963640955793408, 'id_str': '836963640955793408', 'text': 'Damn and Pacino was supposed to be in Goodfellas too SMH imagine that https://t.co/HjvC1UTY3F', 'truncated': False, 'entities': {'hashtags': [], 'symbols': [], 'user_mentions': [], 'urls': [{'url': 'https://t.co/HjvC1UTY3F', 'expanded_url': 'https://twitter.com/thefilmstage/status/835912566400401412', 'display_url': 'twitter.com/thefilmstage/s‚Ä¶', 'indices': [70, 93]}]}, 'metadata': {'iso_language_code': 'en', 'result_type': 'recent'}, 'source': '<a href=""http://twitter.com/download/iphone"" rel=""nofollow"">Twitter for iPhone</a>', 'in_reply_to_status_id': None, 'in_reply_to_status_id_str': None, 'in_reply_to_user_id': None, 'in_reply_to_user_id_str': None, 'in_reply_to_screen_name': None, 'user': {'id': 60220819, 'id_str': '60220819', 'name': 'Oroku Saki', 'screen_name': 'BWare_LaFlare', 'location': 'Harrisburg, PA', 'description': ""6'5....27....Snapchat: bwarelaflare...Pennsylvania...11/25....Eagles, 76ers, Penn State Football, Harrisburg Cougars"", 'url': 'https://t.co/da5QrvEdZH', 'entities': {'url': {'urls': [{'url': 'https://t.co/da5QrvEdZH', 'expanded_url': 'http://www.revcom.us/a/firstvol/crack.htm', 'display_url': 'revcom.us/a/firstvol/cra‚Ä¶', 'indices': [0, 23]}]}, 'description': {'urls': []}}, 'protected': False, 'followers_count': 5367, 'friends_count': 2203, 'listed_count': 126, 'created_at': 'Sun Jul 26 03:25:07 +0000 2009', 'favourites_count': 159216, 'utc_offset': -18000, 'time_zone': 'Eastern Time (US & Canada)', 'geo_enabled': True, 'verified': False, 'statuses_count': 381663, 'lang': 'en', 'contributors_enabled': False, 'is_translator': False, 'is_translation_enabled': False, 'profile_background_color': '9AE4E8', 'profile_background_image_url': 'http://pbs.twimg.com/profile_background_images/378800000096077137/c63976580ba99ed8239183e8dd4c6708.jpeg', 'profile_background_image_url_https': 'https://pbs.twimg.com/profile_background_images/378800000096077137/c63976580ba99ed8239183e8dd4c6708.jpeg', 'profile_background_tile': True, 'profile_image_url': 'http://pbs.twimg.com/profile_images/817051167960268800/le1YTYhi_normal.jpg', 'profile_image_url_https': 'https://pbs.twimg.com/profile_images/817051167960268800/le1YTYhi_normal.jpg', 'profile_banner_url': 'https://pbs.twimg.com/profile_banners/60220819/1471216780', 'profile_link_color': '4A913C', 'profile_sidebar_border_color': 'FFFFFF', 'profile_sidebar_fill_color': 'DDFFCC', 'profile_text_color': '333333', 'profile_use_background_image': True, 'has_extended_profile': True, 'default_profile': False, 'default_profile_image': False, 'following': None, 'follow_request_sent': None, 'notifications': None, 'translator_type': 'none'}, 'geo': None, 'coordinates': None, 'place': None, 'contributors': None, 'is_quote_status': True, 'quoted_status_id': 835912566400401412, 'quoted_status_id_str': '835912566400401412', 'quoted_status': {'created_at': 'Sun Feb 26 18:01:00 +0000 2017', 'id': 835912566400401412, 'id_str': '835912566400401412', 'text': ""Martin Scorsese says he's been trying to work with Al Pacino since 1971. It'll finally happen with #TheIrishman:‚Ä¶ https://t.co/fj6ADbXY7E"", 'truncated': True, 'entities': {'hashtags': [{'text': 'TheIrishman', 'indices': [99, 111]}], 'symbols': [], 'user_mentions': [], 'urls': [{'url': 'https://t.co/fj6ADbXY7E', 'expanded_url': 'https://twitter.com/i/web/status/835912566400401412', 'display_url': 'twitter.com/i/web/status/8‚Ä¶', 'indices': [114, 137]}]}, 'metadata': {'iso_language_code': 'en', 'result_type': 'recent'}, 'source': '<a href=""https://about.twitter.com/products/tweetdeck"" rel=""nofollow"">TweetDeck</a>', 'in_reply_to_status_id': None, 'in_reply_to_status_id_str': None, 'in_reply_to_user_id': None, 'in_reply_to_user_id_str': None, 'in_reply_to_screen_name': None, 'user': {'id': 15936527, 'id_str': '15936527', 'name': 'The Film Stage üìΩ', 'screen_name': 'TheFilmStage', 'location': 'New York, NY', 'description': 'Your Spotlight on Cinema. Follow @TFSFeed for news only and @FilmStageShow for our official podcast.', 'url': 'http://t.co/MHlgyn1r11', 'entities': {'url': {'urls': [{'url': 'http://t.co/MHlgyn1r11', 'expanded_url': 'http://thefilmstage.com', 'display_url': 'thefilmstage.com', 'indices': [0, 22]}]}, 'description': {'urls': []}}, 'protected': False, 'followers_count': 82033, 'friends_count': 1420, 'listed_count': 1970, 'created_at': 'Thu Aug 21 20:36:48 +0000 2008', 'favourites_count': 13535, 'utc_offset': -18000, 'time_zone': 'Eastern Time (US & Canada)', 'geo_enabled': True, 'verified': False, 'statuses_count': 73926, 'lang': 'en', 'contributors_enabled': False, 'is_translator': False, 'is_translation_enabled': False, 'profile_background_color': '1A1B1F', 'profile_background_image_url': 'http://pbs.twimg.com/profile_background_images/378800000112942351/b9c7f8ed2fee11a3a477cb34ffd3ad1a.jpeg', 'profile_background_image_url_https': 'https://pbs.twimg.com/profile_background_images/378800000112942351/b9c7f8ed2fee11a3a477cb34ffd3ad1a.jpeg', 'profile_background_tile': False, 'profile_image_url': 'http://pbs.twimg.com/profile_images/803933223893995520/2pviV8w7_normal.jpg', 'profile_image_url_https': 'https://pbs.twimg.com/profile_images/803933223893995520/2pviV8w7_normal.jpg', 'profile_banner_url': 'https://pbs.twimg.com/profile_banners/15936527/1413486667', 'profile_link_color': '2FC2EF', 'profile_sidebar_border_color': 'FFFFFF', 'profile_sidebar_fill_color': '252429', 'profile_text_color': '666666', 'profile_use_background_image': True, 'has_extended_profile': False, 'default_profile': False, 'default_profile_image': False, 'following': None, 'follow_request_sent': None, 'notifications': None, 'translator_type': 'none'}, 'geo': None, 'coordinates': None, 'place': None, 'contributors': None, 'is_quote_status': False, 'retweet_count': 100, 'favorite_count': 163, 'favorited': False, 'retweeted': False, 'possibly_sensitive': False, 'lang': 'en'}, 'retweet_count': 0, 'favorite_count': 0, 'favorited': False, 'retweeted': False, 'possibly_sensitive': False, 'lang': 'en'}",none,Wed Mar 01 15:37:36 +0000 2017
836963636094582790,836963636094582790,,,"@ChuckThaGawd ""I'm embarrassed.""","Mechanicsburg, PA",59974051,"{'created_at': 'Wed Mar 01 15:37:35 +0000 2017', 'id': 836963636094582790, 'id_str': '836963636094582790', 'text': '@ChuckThaGawd ""I\'m embarrassed.""', 'truncated': False, 'entities': {'hashtags': [], 'symbols': [], 'user_mentions': [{'screen_name': 'ChuckThaGawd', 'name': '#TTP (22-37)', 'id': 2669891053, 'id_str': '2669891053', 'indices': [0, 13]}], 'urls': []}, 'metadata': {'iso_language_code': 'en', 'result_type': 'recent'}, 'source': '<a href=""http://twitter.com/download/iphone"" rel=""nofollow"">Twitter for iPhone</a>', 'in_reply_to_status_id': 836963482725666821, 'in_reply_to_status_id_str': '836963482725666821', 'in_reply_to_user_id': 2669891053, 'in_reply_to_user_id_str': '2669891053', 'in_reply_to_screen_name': 'ChuckThaGawd', 'user': {'id': 59974051, 'id_str': '59974051', 'name': 'Brennen ü•É', 'screen_name': 'moviesontherox', 'location': 'Mechanicsburg, PA', 'description': 'Lover of film, books, and comics. Actor. #Eagles Twitter leading beard expert. Lifelong suffering 4/4 Philadelphia fan. Eagerly awaiting death and pancakes.', 'url': None, 'entities': {'description': {'urls': []}}, 'protected': False, 'followers_count': 1343, 'friends_count': 1573, 'listed_count': 65, 'created_at': 'Sat Jul 25 03:58:42 +0000 2009', 'favourites_count': 19929, 'utc_offset': -18000, 'time_zone': 'Eastern Time (US & Canada)', 'geo_enabled': True, 'verified': False, 'statuses_count': 34917, 'lang': 'en', 'contributors_enabled': False, 'is_translator': False, 'is_translation_enabled': False, 'profile_background_color': '000000', 'profile_background_image_url': 'http://pbs.twimg.com/profile_background_images/25340290/nvphillyegals.br.jpg', 'profile_background_image_url_https': 'https://pbs.twimg.com/profile_background_images/25340290/nvphillyegals.br.jpg', 'profile_background_tile': False, 'profile_image_url': 'http://pbs.twimg.com/profile_images/820801318147198977/4Of1eXgT_normal.jpg', 'profile_image_url_https': 'https://pbs.twimg.com/profile_images/820801318147198977/4Of1eXgT_normal.jpg', 'profile_banner_url': 'https://pbs.twimg.com/profile_banners/59974051/1358645509', 'profile_link_color': '4A913C', 'profile_sidebar_border_color': '01292D', 'profile_sidebar_fill_color': '004C54', 'profile_text_color': '8F8F8F', 'profile_use_background_image': True, 'has_extended_profile': True, 'default_profile': False, 'default_profile_image': False, 'following': None, 'follow_request_sent': None, 'notifications': None, 'translator_type': 'none'}, 'geo': None, 'coordinates': None, 'place': None, 'contributors': None, 'is_quote_status': False, 'retweet_count': 0, 'favorite_count': 0, 'favorited': False, 'retweeted': False, 'lang': 'en'}",none,Wed Mar 01 15:37:35 +0000 2017
836963616050069505,836963616050069505,,,üî•üî•üôèüèªüôèüèªüò´üò´üò´üò´üíØüíØüíØ https://t.co/JjNSXkPTsG,"York, PA",1867534554,"{'created_at': 'Wed Mar 01 15:37:30 +0000 2017', 'id': 836963616050069505, 'id_str': '836963616050069505', 'text': 'üî•üî•üôèüèªüôèüèªüò´üò´üò´üò´üíØüíØüíØ https://t.co/JjNSXkPTsG', 'truncated': False, 'entities': {'hashtags': [], 'symbols': [], 'user_mentions': [], 'urls': [], 'media': [{'id': 836963608710025216, 'id_str': '836963608710025216', 'indices': [14, 37], 'media_url': 'http://pbs.twimg.com/media/C51997sXEAA91FW.jpg', 'media_url_https': 'https://pbs.twimg.com/media/C51997sXEAA91FW.jpg', 'url': 'https://t.co/JjNSXkPTsG', 'display_url': 'pic.twitter.com/JjNSXkPTsG', 'expanded_url': 'https://twitter.com/captain_gene/status/836963616050069505/photo/1', 'type': 'photo', 'sizes': {'medium': {'w': 675, 'h': 1200, 'resize': 'fit'}, 'large': {'w': 750, 'h': 1334, 'resize': 'fit'}, 'small': {'w': 382, 'h': 680, 'resize': 'fit'}, 'thumb': {'w': 150, 'h': 150, 'resize': 'crop'}}}]}, 'extended_entities': {'media': [{'id': 836963608710025216, 'id_str': '836963608710025216', 'indices': [14, 37], 'media_url': 'http://pbs.twimg.com/media/C51997sXEAA91FW.jpg', 'media_url_https': 'https://pbs.twimg.com/media/C51997sXEAA91FW.jpg', 'url': 'https://t.co/JjNSXkPTsG', 'display_url': 'pic.twitter.com/JjNSXkPTsG', 'expanded_url': 'https://twitter.com/captain_gene/status/836963616050069505/photo/1', 'type': 'photo', 'sizes': {'medium': {'w': 675, 'h': 1200, 'resize': 'fit'}, 'large': {'w': 750, 'h': 1334, 'resize': 'fit'}, 'small': {'w': 382, 'h': 680, 'resize': 'fit'}, 'thumb': {'w': 150, 'h': 150, 'resize': 'crop'}}}]}, 'metadata': {'iso_language_code': 'und', 'result_type': 'recent'}, 'source': '<a href=""http://twitter.com/download/iphone"" rel=""nofollow"">Twitter for iPhone</a>', 'in_reply_to_status_id': None, 'in_reply_to_status_id_str': None, 'in_reply_to_user_id': None, 'in_reply_to_user_id_str': None, 'in_reply_to_screen_name': None, 'user': {'id': 1867534554, 'id_str': '1867534554', 'name': 'Joe Staley', 'screen_name': 'captain_gene', 'location': 'York, PA', 'description': 'Hacc Police Science. @haleyfaiff üåé', 'url': None, 'entities': {'description': {'urls': []}}, 'protected': False, 'followers_count': 438, 'friends_count': 424, 'listed_count': 3, 'created_at': 'Sun Sep 15 12:35:48 +0000 2013', 'favourites_count': 3433, 'utc_offset': None, 'time_zone': None, 'geo_enabled': False, 'verified': False, 'statuses_count': 8772, 'lang': 'en', 'contributors_enabled': False, 'is_translator': False, 'is_translation_enabled': False, 'profile_background_color': 'C0DEED', 'profile_background_image_url': 'http://abs.twimg.com/images/themes/theme1/bg.png', 'profile_background_image_url_https': 'https://abs.twimg.com/images/themes/theme1/bg.png', 'profile_background_tile': False, 'profile_image_url': 'http://pbs.twimg.com/profile_images/836089616134451200/sLBAUqKo_normal.jpg', 'profile_image_url_https': 'https://pbs.twimg.com/profile_images/836089616134451200/sLBAUqKo_normal.jpg', 'profile_banner_url': 'https://pbs.twimg.com/profile_banners/1867534554/1478020806', 'profile_link_color': '1DA1F2', 'profile_sidebar_border_color': 'C0DEED', 'profile_sidebar_fill_color': 'DDEEF6', 'profile_text_color': '333333', 'profile_use_background_image': True, 'has_extended_profile': True, 'default_profile': True, 'default_profile_image': False, 'following': None, 'follow_request_sent': None, 'notifications': None, 'translator_type': 'none'}, 'geo': None, 'coordinates': None, 'place': None, 'contributors': None, 'is_quote_status': False, 'retweet_count': 0, 'favorite_count': 0, 'favorited': False, 'retweeted': False, 'possibly_sensitive': False, 'lang': 'und'}",none,Wed Mar 01 15:37:30 +0000 2017
836963601516748800,836963601516748800,,,#OpenBook: February 2017 Reads https://t.co/aMje2yKjCB via @franciscanmom @serena_chase #bookreviews #mustreads,"Hummelstown, Pennsylvania",1347434126,"{'created_at': 'Wed Mar 01 15:37:27 +0000 2017', 'id': 836963601516748800, 'id_str': '836963601516748800', 'text': '#OpenBook: February 2017 Reads https://t.co/aMje2yKjCB via @franciscanmom @serena_chase #bookreviews #mustreads', 'truncated': False, 'entities': {'hashtags': [{'text': 'OpenBook', 'indices': [0, 9]}, {'text': 'bookreviews', 'indices': [88, 100]}, {'text': 'mustreads', 'indices': [101, 111]}], 'symbols': [], 'user_mentions': [{'screen_name': 'franciscanmom', 'name': 'Barb Szyszkiewicz', 'id': 16924973, 'id_str': '16924973', 'indices': [59, 73]}, {'screen_name': 'Serena_Chase', 'name': 'Serena Chase', 'id': 237342334, 'id_str': '237342334', 'indices': [74, 87]}], 'urls': [{'url': 'https://t.co/aMje2yKjCB', 'expanded_url': 'https://franciscanmom.com/2017/03/01/openbook-february-2017-reads/', 'display_url': 'franciscanmom.com/2017/03/01/ope‚Ä¶', 'indices': [31, 54]}]}, 'metadata': {'iso_language_code': 'en', 'result_type': 'recent'}, 'source': '<a href=""http://twitter.com"" rel=""nofollow"">Twitter Web Client</a>', 'in_reply_to_status_id': None, 'in_reply_to_status_id_str': None, 'in_reply_to_user_id': None, 'in_reply_to_user_id_str': None, 'in_reply_to_screen_name': None, 'user': {'id': 1347434126, 'id_str': '1347434126', 'name': 'Carolyn Astfalk', 'screen_name': 'CMAstfalk', 'location': 'Hummelstown, Pennsylvania', 'description': 'I love words, books, my husband & kids, God, sanity, Catholicism & chocolate, but not in that order. I also write. https://t.co/ricr9vPFgj', 'url': 'https://t.co/s32JLWEtKe', 'entities': {'url': {'urls': [{'url': 'https://t.co/s32JLWEtKe', 'expanded_url': 'http://www.carolynastfalk.com', 'display_url': 'carolynastfalk.com', 'indices': [0, 23]}]}, 'description': {'urls': [{'url': 'https://t.co/ricr9vPFgj', 'expanded_url': 'http://bit.ly/OrnamentalGraces', 'display_url': 'bit.ly/OrnamentalGrac‚Ä¶', 'indices': [115, 138]}]}}, 'protected': False, 'followers_count': 2079, 'friends_count': 2480, 'listed_count': 142, 'created_at': 'Fri Apr 12 18:16:28 +0000 2013', 'favourites_count': 3473, 'utc_offset': -14400, 'time_zone': 'Atlantic Time (Canada)', 'geo_enabled': False, 'verified': False, 'statuses_count': 6759, 'lang': 'en', 'contributors_enabled': False, 'is_translator': False, 'is_translation_enabled': False, 'profile_background_color': 'C0DEED', 'profile_background_image_url': 'http://abs.twimg.com/images/themes/theme1/bg.png', 'profile_background_image_url_https': 'https://abs.twimg.com/images/themes/theme1/bg.png', 'profile_background_tile': False, 'profile_image_url': 'http://pbs.twimg.com/profile_images/664846098419335168/D00OmMKb_normal.jpg', 'profile_image_url_https': 'https://pbs.twimg.com/profile_images/664846098419335168/D00OmMKb_normal.jpg', 'profile_banner_url': 'https://pbs.twimg.com/profile_banners/1347434126/1449321094', 'profile_link_color': '00B339', 'profile_sidebar_border_color': 'C0DEED', 'profile_sidebar_fill_color': 'DDEEF6', 'profile_text_color': '333333', 'profile_use_background_image': True, 'has_extended_profile': False, 'default_profile': False, 'default_profile_image': False, 'following': None, 'follow_request_sent': None, 'notifications': None, 'translator_type': 'none'}, 'geo': None, 'coordinates': None, 'place': None, 'contributors': None, 'is_quote_status': False, 'retweet_count': 0, 'favorite_count': 0, 'favorited': False, 'retweeted': False, 'possibly_sensitive': False, 'lang': 'en'}",none,Wed Mar 01 15:37:27 +0000 2017
836963598328967168,836963598328967168,-76.6502468,40.2859239,"We're #hiring! Click to apply: Solo &amp; Team CDL A Owner Operator, Expedited Shipments, Customer to Customer - https://t.co/ECeDRBEBy4 #Job",Pennsylvania,148979169,"{'created_at': 'Wed Mar 01 15:37:26 +0000 2017', 'id': 836963598328967168, 'id_str': '836963598328967168', 'text': ""We're #hiring! Click to apply: Solo &amp; Team CDL A Owner Operator, Expedited Shipments, Customer to Customer - https://t.co/ECeDRBEBy4 #Job"", 'truncated': False, 'entities': {'hashtags': [{'text': 'hiring', 'indices': [6, 13]}, {'text': 'Job', 'indices': [137, 141]}], 'symbols': [], 'user_mentions': [], 'urls': [{'url': 'https://t.co/ECeDRBEBy4', 'expanded_url': 'http://bit.ly/2kBMPnn', 'display_url': 'bit.ly/2kBMPnn', 'indices': [113, 136]}]}, 'metadata': {'iso_language_code': 'en', 'result_type': 'recent'}, 'source': '<a href=""http://www.tweetmyjobs.com"" rel=""nofollow"">TweetMyJOBS</a>', 'in_reply_to_status_id': None, 'in_reply_to_status_id_str': None, 'in_reply_to_user_id': None, 'in_reply_to_user_id_str': None, 'in_reply_to_screen_name': None, 'user': {'id': 148979169, 'id_str': '148979169', 'name': 'TMJ-PA Transport.', 'screen_name': 'tmj_PA_transp', 'location': 'Pennsylvania', 'description': 'Follow this account for geo-targeted Transportation job tweets in Pennsylvania Non-Metro. Need help? Tweet us at @CareerArc!', 'url': 'https://t.co/DByWt4njnT', 'entities': {'url': {'urls': [{'url': 'https://t.co/DByWt4njnT', 'expanded_url': 'http://www.careerarc.com/job-seeker', 'display_url': 'careerarc.com/job-seeker', 'indices': [0, 23]}]}, 'description': {'urls': []}}, 'protected': False, 'followers_count': 369, 'friends_count': 291, 'listed_count': 90, 'created_at': 'Fri May 28 03:08:02 +0000 2010', 'favourites_count': 0, 'utc_offset': -18000, 'time_zone': 'Quito', 'geo_enabled': True, 'verified': False, 'statuses_count': 406, 'lang': 'en', 'contributors_enabled': False, 'is_translator': False, 'is_translation_enabled': False, 'profile_background_color': '253956', 'profile_background_image_url': 'http://pbs.twimg.com/profile_background_images/315353983/Twitter-BG_2_bg-image.jpg', 'profile_background_image_url_https': 'https://pbs.twimg.com/profile_background_images/315353983/Twitter-BG_2_bg-image.jpg', 'profile_background_tile': False, 'profile_image_url': 'http://pbs.twimg.com/profile_images/667422542945263616/0A6E7VJS_normal.jpg', 'profile_image_url_https': 'https://pbs.twimg.com/profile_images/667422542945263616/0A6E7VJS_normal.jpg', 'profile_banner_url': 'https://pbs.twimg.com/profile_banners/148979169/1447960912', 'profile_link_color': '4A913C', 'profile_sidebar_border_color': '000000', 'profile_sidebar_fill_color': '407DB0', 'profile_text_color': '000000', 'profile_use_background_image': True, 'has_extended_profile': False, 'default_profile': False, 'default_profile_image': False, 'following': None, 'follow_request_sent': None, 'notifications': None, 'translator_type': 'none'}, 'geo': {'type': 'Point', 'coordinates': [40.2859239, -76.6502468]}, 'coordinates': {'type': 'Point', 'coordinates': [-76.6502468, 40.2859239]}, 'place': {'id': '8647282dba1cee1e', 'url': 'https://api.twitter.com/1.1/geo/id/8647282dba1cee1e.json', 'place_type': 'city', 'name': 'Hershey', 'full_name': 'Hershey, PA', 'country_code': 'US', 'country': 'United States', 'contained_within': [], 'bounding_box': {'type': 'Polygon', 'coordinates': [[[-76.689419, 40.246151], [-76.601027, 40.246151], [-76.601027, 40.302317], [-76.689419, 40.302317]]]}, 'attributes': {}}, 'contributors': None, 'is_quote_status': False, 'retweet_count': 0, 'favorite_count': 0, 'favorited': False, 'retweeted': False, 'possibly_sensitive': False, 'lang': 'en'}",none,Wed Mar 01 15:37:26 +0000 2017
836963594243756032,836963594243756032,,,Morning Bro. Reggie &amp; @RejoiceAmerica ! God bless and thanks for playing #SimplyBecause https://t.co/ssNfGJ8X80 https://t.co/Ws2WxiGwVr,"Harrisburg, PA",4028301460,"{'created_at': 'Wed Mar 01 15:37:25 +0000 2017', 'id': 836963594243756032, 'id_str': '836963594243756032', 'text': 'Morning Bro. Reggie &amp; @RejoiceAmerica ! God bless and thanks for playing #SimplyBecause https://t.co/ssNfGJ8X80 https://t.co/Ws2WxiGwVr', 'truncated': False, 'entities': {'hashtags': [{'text': 'SimplyBecause', 'indices': [77, 91]}], 'symbols': [], 'user_mentions': [{'screen_name': 'RejoiceAmerica', 'name': 'RejoiceAmericaRadio', 'id': 36776407, 'id_str': '36776407', 'indices': [26, 41]}], 'urls': [{'url': 'https://t.co/ssNfGJ8X80', 'expanded_url': 'https://twitter.com/rejoiceamerica/status/836948777114152960', 'display_url': 'twitter.com/rejoiceamerica‚Ä¶', 'indices': [92, 115]}, {'url': 'https://t.co/Ws2WxiGwVr', 'expanded_url': 'http://fb.me/5EcSR31xk', 'display_url': 'fb.me/5EcSR31xk', 'indices': [116, 139]}]}, 'metadata': {'iso_language_code': 'en', 'result_type': 'recent'}, 'source': '<a href=""http://www.facebook.com/twitter"" rel=""nofollow"">Facebook</a>', 'in_reply_to_status_id': None, 'in_reply_to_status_id_str': None, 'in_reply_to_user_id': None, 'in_reply_to_user_id_str': None, 'in_reply_to_screen_name': None, 'user': {'id': 4028301460, 'id_str': '4028301460', 'name': 'Dana Fields', 'screen_name': 'RealDanaFields', 'location': 'Harrisburg, PA', 'description': 'Wife, Mom, CC/Gospel Singer/Songwriter, Actor/Model DOWNLOAD my latest project--A PERSONAL EXPERIENCE https://t.co/v05i0xMhdp', 'url': 'https://t.co/tImWijIYBE', 'entities': {'url': {'urls': [{'url': 'https://t.co/tImWijIYBE', 'expanded_url': 'http://danafields.com', 'display_url': 'danafields.com', 'indices': [0, 23]}]}, 'description': {'urls': [{'url': 'https://t.co/v05i0xMhdp', 'expanded_url': 'https://itunes.apple.com/us/artist/dana-fields/id288582839', 'display_url': 'itunes.apple.com/us/artist/dana‚Ä¶', 'indices': [102, 125]}]}}, 'protected': False, 'followers_count': 788, 'friends_count': 2370, 'listed_count': 12, 'created_at': 'Sat Oct 24 01:39:00 +0000 2015', 'favourites_count': 1168, 'utc_offset': -18000, 'time_zone': 'Eastern Time (US & Canada)', 'geo_enabled': False, 'verified': False, 'statuses_count': 1174, 'lang': 'en', 'contributors_enabled': False, 'is_translator': False, 'is_translation_enabled': False, 'profile_background_color': 'C0DEED', 'profile_background_image_url': 'http://abs.twimg.com/images/themes/theme1/bg.png', 'profile_background_image_url_https': 'https://abs.twimg.com/images/themes/theme1/bg.png', 'profile_background_tile': False, 'profile_image_url': 'http://pbs.twimg.com/profile_images/775982651190702081/Pqxb2EdZ_normal.jpg', 'profile_image_url_https': 'https://pbs.twimg.com/profile_images/775982651190702081/Pqxb2EdZ_normal.jpg', 'profile_banner_url': 'https://pbs.twimg.com/profile_banners/4028301460/1473843657', 'profile_link_color': '1DA1F2', 'profile_sidebar_border_color': 'C0DEED', 'profile_sidebar_fill_color': 'DDEEF6', 'profile_text_color': '333333', 'profile_use_background_image': True, 'has_extended_profile': True, 'default_profile': True, 'default_profile_image': False, 'following': None, 'follow_request_sent': None, 'notifications': None, 'translator_type': 'none'}, 'geo': None, 'coordinates': None, 'place': None, 'contributors': None, 'is_quote_status': True, 'quoted_status_id': 836948777114152960, 'quoted_status_id_str': '836948777114152960', 'quoted_status': {'created_at': 'Wed Mar 01 14:38:32 +0000 2017', 'id': 836948777114152960, 'id_str': '836948777114152960', 'text': '#NowPlaying @RealDanaFields @AdamBrocksings @janap3 - Simply Because https://t.co/uCKDOQnTOP', 'truncated': False, 'entities': {'hashtags': [{'text': 'NowPlaying', 'indices': [0, 11]}], 'symbols': [], 'user_mentions': [{'screen_name': 'RealDanaFields', 'name': 'Dana Fields', 'id': 4028301460, 'id_str': '4028301460', 'indices': [12, 27]}, {'screen_name': 'AdamBrockSings', 'name': 'Adam Brock', 'id': 461821592, 'id_str': '461821592', 'indices': [28, 43]}, {'screen_name': 'JanaP3', 'name': 'JP Artist Management', 'id': 359086326, 'id_str': '359086326', 'indices': [44, 51]}], 'urls': [{'url': 'https://t.co/uCKDOQnTOP', 'expanded_url': 'http://www.rejoiceamericaradio.org', 'display_url': 'rejoiceamericaradio.org', 'indices': [69, 92]}]}, 'metadata': {'iso_language_code': 'en', 'result_type': 'recent'}, 'source': '<a href=""http://sam-song.info"" rel=""nofollow"">SAM Broadcaster Song Info</a>', 'in_reply_to_status_id': None, 'in_reply_to_status_id_str': None, 'in_reply_to_user_id': None, 'in_reply_to_user_id_str': None, 'in_reply_to_screen_name': None, 'user': {'id': 36776407, 'id_str': '36776407', 'name': 'RejoiceAmericaRadio', 'screen_name': 'RejoiceAmerica', 'location': 'All Over The USA', 'description': 'The ONLY Internet Station that plays Gospel  HITS From The Past, The Present and The Future. \nRequest Line: 980-299-9725', 'url': 'http://t.co/33I2hI6rw5', 'entities': {'url': {'urls': [{'url': 'http://t.co/33I2hI6rw5', 'expanded_url': 'http://www.rejoiceamericaradio.org', 'display_url': 'rejoiceamericaradio.org', 'indices': [0, 22]}]}, 'description': {'urls': []}}, 'protected': False, 'followers_count': 14295, 'friends_count': 4274, 'listed_count': 132, 'created_at': 'Thu Apr 30 21:21:29 +0000 2009', 'favourites_count': 29, 'utc_offset': -18000, 'time_zone': 'Eastern Time (US & Canada)', 'geo_enabled': False, 'verified': False, 'statuses_count': 492988, 'lang': 'en', 'contributors_enabled': False, 'is_translator': False, 'is_translation_enabled': False, 'profile_background_color': '1A1B1F', 'profile_background_image_url': 'http://pbs.twimg.com/profile_background_images/496205564066529280/94p2d9Bl.jpeg', 'profile_background_image_url_https': 'https://pbs.twimg.com/profile_background_images/496205564066529280/94p2d9Bl.jpeg', 'profile_background_tile': False, 'profile_image_url': 'http://pbs.twimg.com/profile_images/378800000794048894/a35eb5e11348c9564be8e4ff72a8ea34_normal.jpeg', 'profile_image_url_https': 'https://pbs.twimg.com/profile_images/378800000794048894/a35eb5e11348c9564be8e4ff72a8ea34_normal.jpeg', 'profile_banner_url': 'https://pbs.twimg.com/profile_banners/36776407/1485153673', 'profile_link_color': '2FC2EF', 'profile_sidebar_border_color': 'FFFFFF', 'profile_sidebar_fill_color': '252429', 'profile_text_color': '666666', 'profile_use_background_image': True, 'has_extended_profile': False, 'default_profile': False, 'default_profile_image': False, 'following': None, 'follow_request_sent': None, 'notifications': None, 'translator_type': 'none'}, 'geo': None, 'coordinates': None, 'place': None, 'contributors': None, 'is_quote_status': False, 'retweet_count': 2, 'favorite_count': 1, 'favorited': False, 'retweeted': False, 'possibly_sensitive': False, 'lang': 'en'}, 'retweet_count': 0, 'favorite_count': 0, 'favorited': False, 'retweeted': False, 'possibly_sensitive': False, 'lang': 'en'}",none,Wed Mar 01 15:37:25 +0000 2017
836963593539182592,836963593539182592,,,"RT @RickSmithShow: Constituents are doing their part on the ground; our senators need to show the same kind of fight.
@ClearPointJohn @PBPC‚Ä¶","Valencia, PA",18147844,"{'created_at': 'Wed Mar 01 15:37:25 +0000 2017', 'id': 836963593539182592, 'id_str': '836963593539182592', 'text': 'RT @RickSmithShow: Constituents are doing their part on the ground; our senators need to show the same kind of fight.\n@ClearPointJohn @PBPC‚Ä¶', 'truncated': False, 'entities': {'hashtags': [], 'symbols': [], 'user_mentions': [{'screen_name': 'RickSmithShow', 'name': 'Rick Smith', 'id': 40145940, 'id_str': '40145940', 'indices': [3, 17]}, {'screen_name': 'ClearPointJohn', 'name': 'John Neurohr', 'id': 4211059275, 'id_str': '4211059275', 'indices': [118, 133]}, {'screen_name': 'PBPC', 'name': 'PA Budget and Policy', 'id': 20529924, 'id_str': '20529924', 'indices': [134, 139]}], 'urls': []}, 'metadata': {'iso_language_code': 'en', 'result_type': 'recent'}, 'source': '<a href=""https://about.twitter.com/products/tweetdeck"" rel=""nofollow"">TweetDeck</a>', 'in_reply_to_status_id': None, 'in_reply_to_status_id_str': None, 'in_reply_to_user_id': None, 'in_reply_to_user_id_str': None, 'in_reply_to_screen_name': None, 'user': {'id': 18147844, 'id_str': '18147844', 'name': 'jneurohr', 'screen_name': 'jneurohr', 'location': 'Valencia, PA', 'description': 'A compulsive Pittsburgh sports fan and general news junkie.', 'url': None, 'entities': {'description': {'urls': []}}, 'protected': False, 'followers_count': 89, 'friends_count': 171, 'listed_count': 6, 'created_at': 'Mon Dec 15 21:53:06 +0000 2008', 'favourites_count': 18, 'utc_offset': None, 'time_zone': None, 'geo_enabled': False, 'verified': False, 'statuses_count': 136, 'lang': 'en', 'contributors_enabled': False, 'is_translator': False, 'is_translation_enabled': False, 'profile_background_color': 'C0DEED', 'profile_background_image_url': 'http://abs.twimg.com/images/themes/theme1/bg.png', 'profile_background_image_url_https': 'https://abs.twimg.com/images/themes/theme1/bg.png', 'profile_background_tile': False, 'profile_image_url': 'http://pbs.twimg.com/profile_images/770998866330222592/JRFfO56G_normal.jpg', 'profile_image_url_https': 'https://pbs.twimg.com/profile_images/770998866330222592/JRFfO56G_normal.jpg', 'profile_banner_url': 'https://pbs.twimg.com/profile_banners/18147844/1472655563', 'profile_link_color': '1DA1F2', 'profile_sidebar_border_color': 'C0DEED', 'profile_sidebar_fill_color': 'DDEEF6', 'profile_text_color': '333333', 'profile_use_background_image': True, 'has_extended_profile': False, 'default_profile': True, 'default_profile_image': False, 'following': None, 'follow_request_sent': None, 'notifications': None, 'translator_type': 'none'}, 'geo': None, 'coordinates': None, 'place': None, 'contributors': None, 'retweeted_status': {'created_at': 'Wed Mar 01 15:29:44 +0000 2017', 'id': 836961658589306880, 'id_str': '836961658589306880', 'text': 'Constituents are doing their part on the ground; our senators need to show the same kind of fight.\n@ClearPointJohn @PBPC @CourtsMatterPA', 'truncated': False, 'entities': {'hashtags': [], 'symbols': [], 'user_mentions': [{'screen_name': 'ClearPointJohn', 'name': 'John Neurohr', 'id': 4211059275, 'id_str': '4211059275', 'indices': [99, 114]}, {'screen_name': 'PBPC', 'name': 'PA Budget and Policy', 'id': 20529924, 'id_str': '20529924', 'indices': [115, 120]}, {'screen_name': 'CourtsMatterPA', 'name': 'Why Courts Matter PA', 'id': 3121209651, 'id_str': '3121209651', 'indices': [121, 136]}], 'urls': []}, 'metadata': {'iso_language_code': 'en', 'result_type': 'recent'}, 'source': '<a href=""http://twitter.com"" rel=""nofollow"">Twitter Web Client</a>', 'in_reply_to_status_id': None, 'in_reply_to_status_id_str': None, 'in_reply_to_user_id': None, 'in_reply_to_user_id_str': None, 'in_reply_to_screen_name': None, 'user': {'id': 40145940, 'id_str': '40145940', 'name': 'Rick Smith', 'screen_name': 'RickSmithShow', 'location': 'Harrisburg, PA', 'description': 'Patriotic American Bringing #TheResistance to your Radio daily 10am-Noon\n\nYour TV Sat. 7pm @freespeechtv\npodcast@ https://t.co/8dI7z9CmM9', 'url': 'https://t.co/8dI7z9CmM9', 'entities': {'url': {'urls': [{'url': 'https://t.co/8dI7z9CmM9', 'expanded_url': 'http://thericksmithshow.com', 'display_url': 'thericksmithshow.com', 'indices': [0, 23]}]}, 'description': {'urls': [{'url': 'https://t.co/8dI7z9CmM9', 'expanded_url': 'http://thericksmithshow.com', 'display_url': 'thericksmithshow.com', 'indices': [114, 137]}]}}, 'protected': False, 'followers_count': 15046, 'friends_count': 3196, 'listed_count': 330, 'created_at': 'Fri May 15 01:48:17 +0000 2009', 'favourites_count': 1931, 'utc_offset': -18000, 'time_zone': 'Eastern Time (US & Canada)', 'geo_enabled': True, 'verified': False, 'statuses_count': 29029, 'lang': 'en', 'contributors_enabled': False, 'is_translator': False, 'is_translation_enabled': False, 'profile_background_color': '000000', 'profile_background_image_url': 'http://pbs.twimg.com/profile_background_images/192282195/twitter.png', 'profile_background_image_url_https': 'https://pbs.twimg.com/profile_background_images/192282195/twitter.png', 'profile_background_tile': False, 'profile_image_url': 'http://pbs.twimg.com/profile_images/834548465342496768/uSweCRrE_normal.jpg', 'profile_image_url_https': 'https://pbs.twimg.com/profile_images/834548465342496768/uSweCRrE_normal.jpg', 'profile_banner_url': 'https://pbs.twimg.com/profile_banners/40145940/1452708901', 'profile_link_color': '0084B4', 'profile_sidebar_border_color': 'C0DEED', 'profile_sidebar_fill_color': '000000', 'profile_text_color': 'E37171', 'profile_use_background_image': True, 'has_extended_profile': True, 'default_profile': False, 'default_profile_image': False, 'following': None, 'follow_request_sent': None, 'notifications': None, 'translator_type': 'none'}, 'geo': None, 'coordinates': None, 'place': None, 'contributors': None, 'is_quote_status': False, 'retweet_count': 3, 'favorite_count': 1, 'favorited': False, 'retweeted': False, 'lang': 'en'}, 'is_quote_status': False, 'retweet_count': 3, 'favorite_count': 0, 'favorited': False, 'retweeted': False, 'lang': 'en'}",none,Wed Mar 01 15:37:25 +0000 2017
836963593463685120,836963593463685120,,,"RT @RickSmithShow: Constituents are doing their part on the ground; our senators need to show the same kind of fight.
@ClearPointJohn @PBPC‚Ä¶","Pennsylvania, USA",3121209651,"{'created_at': 'Wed Mar 01 15:37:25 +0000 2017', 'id': 836963593463685120, 'id_str': '836963593463685120', 'text': 'RT @RickSmithShow: Constituents are doing their part on the ground; our senators need to show the same kind of fight.\n@ClearPointJohn @PBPC‚Ä¶', 'truncated': False, 'entities': {'hashtags': [], 'symbols': [], 'user_mentions': [{'screen_name': 'RickSmithShow', 'name': 'Rick Smith', 'id': 40145940, 'id_str': '40145940', 'indices': [3, 17]}, {'screen_name': 'ClearPointJohn', 'name': 'John Neurohr', 'id': 4211059275, 'id_str': '4211059275', 'indices': [118, 133]}, {'screen_name': 'PBPC', 'name': 'PA Budget and Policy', 'id': 20529924, 'id_str': '20529924', 'indices': [134, 139]}], 'urls': []}, 'metadata': {'iso_language_code': 'en', 'result_type': 'recent'}, 'source': '<a href=""https://about.twitter.com/products/tweetdeck"" rel=""nofollow"">TweetDeck</a>', 'in_reply_to_status_id': None, 'in_reply_to_status_id_str': None, 'in_reply_to_user_id': None, 'in_reply_to_user_id_str': None, 'in_reply_to_screen_name': None, 'user': {'id': 3121209651, 'id_str': '3121209651', 'name': 'Why Courts Matter PA', 'screen_name': 'CourtsMatterPA', 'location': 'Pennsylvania, USA', 'description': 'Our federal judiciary plays a vital role in American lives. We must stop the unprecedented obstruction in DC that = too many vacant judicial seats in PA.', 'url': 'https://t.co/xgtHCGgtkh', 'entities': {'url': {'urls': [{'url': 'https://t.co/xgtHCGgtkh', 'expanded_url': 'http://whycourtsmatterpa.org', 'display_url': 'whycourtsmatterpa.org', 'indices': [0, 23]}]}, 'description': {'urls': []}}, 'protected': False, 'followers_count': 935, 'friends_count': 962, 'listed_count': 10, 'created_at': 'Fri Mar 27 12:59:42 +0000 2015', 'favourites_count': 400, 'utc_offset': -18000, 'time_zone': 'Eastern Time (US & Canada)', 'geo_enabled': True, 'verified': False, 'statuses_count': 1721, 'lang': 'en', 'contributors_enabled': False, 'is_translator': False, 'is_translation_enabled': False, 'profile_background_color': 'C0DEED', 'profile_background_image_url': 'http://abs.twimg.com/images/themes/theme1/bg.png', 'profile_background_image_url_https': 'https://abs.twimg.com/images/themes/theme1/bg.png', 'profile_background_tile': False, 'profile_image_url': 'http://pbs.twimg.com/profile_images/666035469914906624/rp7nrqf9_normal.jpg', 'profile_image_url_https': 'https://pbs.twimg.com/profile_images/666035469914906624/rp7nrqf9_normal.jpg', 'profile_banner_url': 'https://pbs.twimg.com/profile_banners/3121209651/1432254133', 'profile_link_color': '1DA1F2', 'profile_sidebar_border_color': 'C0DEED', 'profile_sidebar_fill_color': 'DDEEF6', 'profile_text_color': '333333', 'profile_use_background_image': True, 'has_extended_profile': False, 'default_profile': True, 'default_profile_image': False, 'following': None, 'follow_request_sent': None, 'notifications': None, 'translator_type': 'none'}, 'geo': None, 'coordinates': None, 'place': None, 'contributors': None, 'retweeted_status': {'created_at': 'Wed Mar 01 15:29:44 +0000 2017', 'id': 836961658589306880, 'id_str': '836961658589306880', 'text': 'Constituents are doing their part on the ground; our senators need to show the same kind of fight.\n@ClearPointJohn @PBPC @CourtsMatterPA', 'truncated': False, 'entities': {'hashtags': [], 'symbols': [], 'user_mentions': [{'screen_name': 'ClearPointJohn', 'name': 'John Neurohr', 'id': 4211059275, 'id_str': '4211059275', 'indices': [99, 114]}, {'screen_name': 'PBPC', 'name': 'PA Budget and Policy', 'id': 20529924, 'id_str': '20529924', 'indices': [115, 120]}, {'screen_name': 'CourtsMatterPA', 'name': 'Why Courts Matter PA', 'id': 3121209651, 'id_str': '3121209651', 'indices': [121, 136]}], 'urls': []}, 'metadata': {'iso_language_code': 'en', 'result_type': 'recent'}, 'source': '<a href=""http://twitter.com"" rel=""nofollow"">Twitter Web Client</a>', 'in_reply_to_status_id': None, 'in_reply_to_status_id_str': None, 'in_reply_to_user_id': None, 'in_reply_to_user_id_str': None, 'in_reply_to_screen_name': None, 'user': {'id': 40145940, 'id_str': '40145940', 'name': 'Rick Smith', 'screen_name': 'RickSmithShow', 'location': 'Harrisburg, PA', 'description': 'Patriotic American Bringing #TheResistance to your Radio daily 10am-Noon\n\nYour TV Sat. 7pm @freespeechtv\npodcast@ https://t.co/8dI7z9CmM9', 'url': 'https://t.co/8dI7z9CmM9', 'entities': {'url': {'urls': [{'url': 'https://t.co/8dI7z9CmM9', 'expanded_url': 'http://thericksmithshow.com', 'display_url': 'thericksmithshow.com', 'indices': [0, 23]}]}, 'description': {'urls': [{'url': 'https://t.co/8dI7z9CmM9', 'expanded_url': 'http://thericksmithshow.com', 'display_url': 'thericksmithshow.com', 'indices': [114, 137]}]}}, 'protected': False, 'followers_count': 15046, 'friends_count': 3196, 'listed_count': 330, 'created_at': 'Fri May 15 01:48:17 +0000 2009', 'favourites_count': 1931, 'utc_offset': -18000, 'time_zone': 'Eastern Time (US & Canada)', 'geo_enabled': True, 'verified': False, 'statuses_count': 29029, 'lang': 'en', 'contributors_enabled': False, 'is_translator': False, 'is_translation_enabled': False, 'profile_background_color': '000000', 'profile_background_image_url': 'http://pbs.twimg.com/profile_background_images/192282195/twitter.png', 'profile_background_image_url_https': 'https://pbs.twimg.com/profile_background_images/192282195/twitter.png', 'profile_background_tile': False, 'profile_image_url': 'http://pbs.twimg.com/profile_images/834548465342496768/uSweCRrE_normal.jpg', 'profile_image_url_https': 'https://pbs.twimg.com/profile_images/834548465342496768/uSweCRrE_normal.jpg', 'profile_banner_url': 'https://pbs.twimg.com/profile_banners/40145940/1452708901', 'profile_link_color': '0084B4', 'profile_sidebar_border_color': 'C0DEED', 'profile_sidebar_fill_color': '000000', 'profile_text_color': 'E37171', 'profile_use_background_image': True, 'has_extended_profile': True, 'default_profile': False, 'default_profile_image': False, 'following': None, 'follow_request_sent': None, 'notifications': None, 'translator_type': 'none'}, 'geo': None, 'coordinates': None, 'place': None, 'contributors': None, 'is_quote_status': False, 'retweet_count': 3, 'favorite_count': 1, 'favorited': False, 'retweeted': False, 'lang': 'en'}, 'is_quote_status': False, 'retweet_count': 3, 'favorite_count': 0, 'favorited': False, 'retweeted': False, 'lang': 'en'}",none,Wed Mar 01 15:37:25 +0000 2017
836963593262362624,836963593262362624,,,"RT @RickSmithShow: Constituents are doing their part on the ground; our senators need to show the same kind of fight.
@ClearPointJohn @PBPC‚Ä¶","Harrisburg, PA",20529924,"{'created_at': 'Wed Mar 01 15:37:25 +0000 2017', 'id': 836963593262362624, 'id_str': '836963593262362624', 'text': 'RT @RickSmithShow: Constituents are doing their part on the ground; our senators need to show the same kind of fight.\n@ClearPointJohn @PBPC‚Ä¶', 'truncated': False, 'entities': {'hashtags': [], 'symbols': [], 'user_mentions': [{'screen_name': 'RickSmithShow', 'name': 'Rick Smith', 'id': 40145940, 'id_str': '40145940', 'indices': [3, 17]}, {'screen_name': 'ClearPointJohn', 'name': 'John Neurohr', 'id': 4211059275, 'id_str': '4211059275', 'indices': [118, 133]}, {'screen_name': 'PBPC', 'name': 'PA Budget and Policy', 'id': 20529924, 'id_str': '20529924', 'indices': [134, 139]}], 'urls': []}, 'metadata': {'iso_language_code': 'en', 'result_type': 'recent'}, 'source': '<a href=""https://about.twitter.com/products/tweetdeck"" rel=""nofollow"">TweetDeck</a>', 'in_reply_to_status_id': None, 'in_reply_to_status_id_str': None, 'in_reply_to_user_id': None, 'in_reply_to_user_id_str': None, 'in_reply_to_screen_name': None, 'user': {'id': 20529924, 'id_str': '20529924', 'name': 'PA Budget and Policy', 'screen_name': 'PBPC', 'location': 'Harrisburg, PA', 'description': 'Nonpartisan budget and policy research organization. Sign up for Email Alerts at http://t.co/mCg811ZkHz.', 'url': 'http://t.co/8JixNFRHCZ', 'entities': {'url': {'urls': [{'url': 'http://t.co/8JixNFRHCZ', 'expanded_url': 'http://www.pennbpc.org', 'display_url': 'pennbpc.org', 'indices': [0, 22]}]}, 'description': {'urls': [{'url': 'http://t.co/mCg811ZkHz', 'expanded_url': 'http://pennbpc.org/emails', 'display_url': 'pennbpc.org/emails', 'indices': [81, 103]}]}}, 'protected': False, 'followers_count': 6278, 'friends_count': 847, 'listed_count': 210, 'created_at': 'Tue Feb 10 17:51:58 +0000 2009', 'favourites_count': 956, 'utc_offset': -18000, 'time_zone': 'Eastern Time (US & Canada)', 'geo_enabled': True, 'verified': False, 'statuses_count': 10446, 'lang': 'en', 'contributors_enabled': False, 'is_translator': False, 'is_translation_enabled': False, 'profile_background_color': 'F2950A', 'profile_background_image_url': 'http://pbs.twimg.com/profile_background_images/583782118347542529/UJz6aK1b.jpg', 'profile_background_image_url_https': 'https://pbs.twimg.com/profile_background_images/583782118347542529/UJz6aK1b.jpg', 'profile_background_tile': True, 'profile_image_url': 'http://pbs.twimg.com/profile_images/702953559743135745/miBYYH1I_normal.jpg', 'profile_image_url_https': 'https://pbs.twimg.com/profile_images/702953559743135745/miBYYH1I_normal.jpg', 'profile_banner_url': 'https://pbs.twimg.com/profile_banners/20529924/1455130821', 'profile_link_color': '004080', 'profile_sidebar_border_color': 'C0DEED', 'profile_sidebar_fill_color': 'DDEEF6', 'profile_text_color': '333333', 'profile_use_background_image': True, 'has_extended_profile': False, 'default_profile': False, 'default_profile_image': False, 'following': None, 'follow_request_sent': None, 'notifications': None, 'translator_type': 'none'}, 'geo': None, 'coordinates': None, 'place': None, 'contributors': None, 'retweeted_status': {'created_at': 'Wed Mar 01 15:29:44 +0000 2017', 'id': 836961658589306880, 'id_str': '836961658589306880', 'text': 'Constituents are doing their part on the ground; our senators need to show the same kind of fight.\n@ClearPointJohn @PBPC @CourtsMatterPA', 'truncated': False, 'entities': {'hashtags': [], 'symbols': [], 'user_mentions': [{'screen_name': 'ClearPointJohn', 'name': 'John Neurohr', 'id': 4211059275, 'id_str': '4211059275', 'indices': [99, 114]}, {'screen_name': 'PBPC', 'name': 'PA Budget and Policy', 'id': 20529924, 'id_str': '20529924', 'indices': [115, 120]}, {'screen_name': 'CourtsMatterPA', 'name': 'Why Courts Matter PA', 'id': 3121209651, 'id_str': '3121209651', 'indices': [121, 136]}], 'urls': []}, 'metadata': {'iso_language_code': 'en', 'result_type': 'recent'}, 'source': '<a href=""http://twitter.com"" rel=""nofollow"">Twitter Web Client</a>', 'in_reply_to_status_id': None, 'in_reply_to_status_id_str': None, 'in_reply_to_user_id': None, 'in_reply_to_user_id_str': None, 'in_reply_to_screen_name': None, 'user': {'id': 40145940, 'id_str': '40145940', 'name': 'Rick Smith', 'screen_name': 'RickSmithShow', 'location': 'Harrisburg, PA', 'description': 'Patriotic American Bringing #TheResistance to your Radio daily 10am-Noon\n\nYour TV Sat. 7pm @freespeechtv\npodcast@ https://t.co/8dI7z9CmM9', 'url': 'https://t.co/8dI7z9CmM9', 'entities': {'url': {'urls': [{'url': 'https://t.co/8dI7z9CmM9', 'expanded_url': 'http://thericksmithshow.com', 'display_url': 'thericksmithshow.com', 'indices': [0, 23]}]}, 'description': {'urls': [{'url': 'https://t.co/8dI7z9CmM9', 'expanded_url': 'http://thericksmithshow.com', 'display_url': 'thericksmithshow.com', 'indices': [114, 137]}]}}, 'protected': False, 'followers_count': 15046, 'friends_count': 3196, 'listed_count': 330, 'created_at': 'Fri May 15 01:48:17 +0000 2009', 'favourites_count': 1931, 'utc_offset': -18000, 'time_zone': 'Eastern Time (US & Canada)', 'geo_enabled': True, 'verified': False, 'statuses_count': 29029, 'lang': 'en', 'contributors_enabled': False, 'is_translator': False, 'is_translation_enabled': False, 'profile_background_color': '000000', 'profile_background_image_url': 'http://pbs.twimg.com/profile_background_images/192282195/twitter.png', 'profile_background_image_url_https': 'https://pbs.twimg.com/profile_background_images/192282195/twitter.png', 'profile_background_tile': False, 'profile_image_url': 'http://pbs.twimg.com/profile_images/834548465342496768/uSweCRrE_normal.jpg', 'profile_image_url_https': 'https://pbs.twimg.com/profile_images/834548465342496768/uSweCRrE_normal.jpg', 'profile_banner_url': 'https://pbs.twimg.com/profile_banners/40145940/1452708901', 'profile_link_color': '0084B4', 'profile_sidebar_border_color': 'C0DEED', 'profile_sidebar_fill_color': '000000', 'profile_text_color': 'E37171', 'profile_use_background_image': True, 'has_extended_profile': True, 'default_profile': False, 'default_profile_image': False, 'following': None, 'follow_request_sent': None, 'notifications': None, 'translator_type': 'none'}, 'geo': None, 'coordinates': None, 'place': None, 'contributors': None, 'is_quote_status': False, 'retweet_count': 3, 'favorite_count': 1, 'favorited': False, 'retweeted': False, 'lang': 'en'}, 'is_quote_status': False, 'retweet_count': 3, 'favorite_count': 0, 'favorited': False, 'retweeted': False, 'lang': 'en'}",none,Wed Mar 01 15:37:25 +0000 2017
836963583749664770,836963583749664770,,,RT @SenseiSmokes: 24.) WHO TF EATS A TACO LIKE THAT https://t.co/gqbLfReghP,"Hampton, VA",607693705,"{'created_at': 'Wed Mar 01 15:37:23 +0000 2017', 'id': 836963583749664770, 'id_str': '836963583749664770', 'text': 'RT @SenseiSmokes: 24.) WHO TF EATS A TACO LIKE THAT https://t.co/gqbLfReghP', 'truncated': False, 'entities': {'hashtags': [], 'symbols': [], 'user_mentions': [{'screen_name': 'SenseiSmokes', 'name': 'Ph·ªü-King‚Ñ¢', 'id': 2649575925, 'id_str': '2649575925', 'indices': [3, 16]}], 'urls': [], 'media': [{'id': 747218055118262273, 'id_str': '747218055118262273', 'indices': [52, 75], 'media_url': 'http://pbs.twimg.com/tweet_video_thumb/Cl6m3LkVEAEHtDs.jpg', 'media_url_https': 'https://pbs.twimg.com/tweet_video_thumb/Cl6m3LkVEAEHtDs.jpg', 'url': 'https://t.co/gqbLfReghP', 'display_url': 'pic.twitter.com/gqbLfReghP', 'expanded_url': 'https://twitter.com/SenseiSmokes/status/747218177424142336/photo/1', 'type': 'photo', 'sizes': {'medium': {'w': 468, 'h': 348, 'resize': 'fit'}, 'small': {'w': 340, 'h': 253, 'resize': 'fit'}, 'thumb': {'w': 150, 'h': 150, 'resize': 'crop'}, 'large': {'w': 468, 'h': 348, 'resize': 'fit'}}, 'source_status_id': 747218177424142336, 'source_status_id_str': '747218177424142336', 'source_user_id': 2649575925, 'source_user_id_str': '2649575925'}]}, 'extended_entities': {'media': [{'id': 747218055118262273, 'id_str': '747218055118262273', 'indices': [52, 75], 'media_url': 'http://pbs.twimg.com/tweet_video_thumb/Cl6m3LkVEAEHtDs.jpg', 'media_url_https': 'https://pbs.twimg.com/tweet_video_thumb/Cl6m3LkVEAEHtDs.jpg', 'url': 'https://t.co/gqbLfReghP', 'display_url': 'pic.twitter.com/gqbLfReghP', 'expanded_url': 'https://twitter.com/SenseiSmokes/status/747218177424142336/photo/1', 'type': 'animated_gif', 'sizes': {'medium': {'w': 468, 'h': 348, 'resize': 'fit'}, 'small': {'w': 340, 'h': 253, 'resize': 'fit'}, 'thumb': {'w': 150, 'h': 150, 'resize': 'crop'}, 'large': {'w': 468, 'h': 348, 'resize': 'fit'}}, 'source_status_id': 747218177424142336, 'source_status_id_str': '747218177424142336', 'source_user_id': 2649575925, 'source_user_id_str': '2649575925', 'video_info': {'aspect_ratio': [39, 29], 'variants': [{'bitrate': 0, 'content_type': 'video/mp4', 'url': 'https://video.twimg.com/tweet_video/Cl6m3LkVEAEHtDs.mp4'}]}}]}, 'metadata': {'iso_language_code': 'en', 'result_type': 'recent'}, 'source': '<a href=""http://twitter.com/download/iphone"" rel=""nofollow"">Twitter for iPhone</a>', 'in_reply_to_status_id': None, 'in_reply_to_status_id_str': None, 'in_reply_to_user_id': None, 'in_reply_to_user_id_str': None, 'in_reply_to_screen_name': None, 'user': {'id': 607693705, 'id_str': '607693705', 'name': 'Aliah', 'screen_name': 'a4_adorable', 'location': 'Hampton, VA', 'description': '2017-2018 Miss Black VA US|AM üëëQueening: the act of tastefully embracing your individuality; leading by example; being an advocate of limitless possibilities', 'url': None, 'entities': {'description': {'urls': []}}, 'protected': False, 'followers_count': 2349, 'friends_count': 1763, 'listed_count': 17, 'created_at': 'Thu Jun 14 00:49:41 +0000 2012', 'favourites_count': 32879, 'utc_offset': -25200, 'time_zone': 'Arizona', 'geo_enabled': True, 'verified': False, 'statuses_count': 71101, 'lang': 'en', 'contributors_enabled': False, 'is_translator': False, 'is_translation_enabled': False, 'profile_background_color': 'FF6699', 'profile_background_image_url': 'http://pbs.twimg.com/profile_background_images/665035749/365ce2a1356c2105aec703985bb7986b.jpeg', 'profile_background_image_url_https': 'https://pbs.twimg.com/profile_background_images/665035749/365ce2a1356c2105aec703985bb7986b.jpeg', 'profile_background_tile': True, 'profile_image_url': 'http://pbs.twimg.com/profile_images/829807739580854273/MDlu0a0r_normal.jpg', 'profile_image_url_https': 'https://pbs.twimg.com/profile_images/829807739580854273/MDlu0a0r_normal.jpg', 'profile_banner_url': 'https://pbs.twimg.com/profile_banners/607693705/1486676559', 'profile_link_color': 'B40B43', 'profile_sidebar_border_color': '000000', 'profile_sidebar_fill_color': 'FF0749', 'profile_text_color': 'FF1B36', 'profile_use_background_image': True, 'has_extended_profile': True, 'default_profile': False, 'default_profile_image': False, 'following': None, 'follow_request_sent': None, 'notifications': None, 'translator_type': 'none'}, 'geo': None, 'coordinates': None, 'place': None, 'contributors': None, 'retweeted_status': {'created_at': 'Mon Jun 27 00:01:10 +0000 2016', 'id': 747218177424142336, 'id_str': '747218177424142336', 'text': '24.) WHO TF EATS A TACO LIKE THAT https://t.co/gqbLfReghP', 'truncated': False, 'entities': {'hashtags': [], 'symbols': [], 'user_mentions': [], 'urls': [], 'media': [{'id': 747218055118262273, 'id_str': '747218055118262273', 'indices': [34, 57], 'media_url': 'http://pbs.twimg.com/tweet_video_thumb/Cl6m3LkVEAEHtDs.jpg', 'media_url_https': 'https://pbs.twimg.com/tweet_video_thumb/Cl6m3LkVEAEHtDs.jpg', 'url': 'https://t.co/gqbLfReghP', 'display_url': 'pic.twitter.com/gqbLfReghP', 'expanded_url': 'https://twitter.com/SenseiSmokes/status/747218177424142336/photo/1', 'type': 'photo', 'sizes': {'medium': {'w': 468, 'h': 348, 'resize': 'fit'}, 'small': {'w': 340, 'h': 253, 'resize': 'fit'}, 'thumb': {'w': 150, 'h': 150, 'resize': 'crop'}, 'large': {'w': 468, 'h': 348, 'resize': 'fit'}}}]}, 'extended_entities': {'media': [{'id': 747218055118262273, 'id_str': '747218055118262273', 'indices': [34, 57], 'media_url': 'http://pbs.twimg.com/tweet_video_thumb/Cl6m3LkVEAEHtDs.jpg', 'media_url_https': 'https://pbs.twimg.com/tweet_video_thumb/Cl6m3LkVEAEHtDs.jpg', 'url': 'https://t.co/gqbLfReghP', 'display_url': 'pic.twitter.com/gqbLfReghP', 'expanded_url': 'https://twitter.com/SenseiSmokes/status/747218177424142336/photo/1', 'type': 'animated_gif', 'sizes': {'medium': {'w': 468, 'h': 348, 'resize': 'fit'}, 'small': {'w': 340, 'h': 253, 'resize': 'fit'}, 'thumb': {'w': 150, 'h': 150, 'resize': 'crop'}, 'large': {'w': 468, 'h': 348, 'resize': 'fit'}}, 'video_info': {'aspect_ratio': [39, 29], 'variants': [{'bitrate': 0, 'content_type': 'video/mp4', 'url': 'https://video.twimg.com/tweet_video/Cl6m3LkVEAEHtDs.mp4'}]}}]}, 'metadata': {'iso_language_code': 'en', 'result_type': 'recent'}, 'source': '<a href=""http://twitter.com"" rel=""nofollow"">Twitter Web Client</a>', 'in_reply_to_status_id': 747182024243314689, 'in_reply_to_status_id_str': '747182024243314689', 'in_reply_to_user_id': 2649575925, 'in_reply_to_user_id_str': '2649575925', 'in_reply_to_screen_name': 'SenseiSmokes', 'user': {'id': 2649575925, 'id_str': '2649575925', 'name': 'Ph·ªü-King‚Ñ¢', 'screen_name': 'SenseiSmokes', 'location': 'Harrisburg, PA', 'description': ""i'M NOT SLEEPY, i'M JUST ASiAN ‚òØ PHO = FUH ‚òØ THE BOOTY EATiNG OG‚Ñ¢ ‚òØ i EAT ASS, NOT DOGS ‚òØ SNAPCHAT/iNSTAGRAM: SENSEiSMOKES"", 'url': None, 'entities': {'description': {'urls': []}}, 'protected': False, 'followers_count': 14518, 'friends_count': 6828, 'listed_count': 127, 'created_at': 'Sat Jun 28 09:15:24 +0000 2014', 'favourites_count': 4553, 'utc_offset': -39600, 'time_zone': 'Midway Island', 'geo_enabled': True, 'verified': False, 'statuses_count': 1021, 'lang': 'en', 'contributors_enabled': False, 'is_translator': False, 'is_translation_enabled': True, 'profile_background_color': '000000', 'profile_background_image_url': 'http://abs.twimg.com/images/themes/theme1/bg.png', 'profile_background_image_url_https': 'https://abs.twimg.com/images/themes/theme1/bg.png', 'profile_background_tile': False, 'profile_image_url': 'http://pbs.twimg.com/profile_images/813660182614044672/hNaWu1M__normal.jpg', 'profile_image_url_https': 'https://pbs.twimg.com/profile_images/813660182614044672/hNaWu1M__normal.jpg', 'profile_banner_url': 'https://pbs.twimg.com/profile_banners/2649575925/1483412128', 'profile_link_color': '1B95E0', 'profile_sidebar_border_color': '000000', 'profile_sidebar_fill_color': '000000', 'profile_text_color': '000000', 'profile_use_background_image': False, 'has_extended_profile': True, 'default_profile': False, 'default_profile_image': False, 'following': None, 'follow_request_sent': None, 'notifications': None, 'translator_type': 'none'}, 'geo': None, 'coordinates': None, 'place': None, 'contributors': None, 'is_quote_status': False, 'retweet_count': 5231, 'favorite_count': 5747, 'favorited': False, 'retweeted': False, 'possibly_sensitive': False, 'lang': 'en'}, 'is_quote_status': False, 'retweet_count': 5231, 'favorite_count': 0, 'favorited': False, 'retweeted': False, 'possibly_sensitive': False, 'lang': 'en'}",none,Wed Mar 01 15:37:23 +0000 2017
836963571716272128,836963571716272128,,,RT @TedCzechYDR: US Marshals catch sexual assault suspect in York https://t.co/AG3utBFfsV #fugitive #crime @ydrcom,"York, Pa.",8935172,"{'created_at': 'Wed Mar 01 15:37:20 +0000 2017', 'id': 836963571716272128, 'id_str': '836963571716272128', 'text': 'RT @TedCzechYDR: US Marshals catch sexual assault suspect in York https://t.co/AG3utBFfsV #fugitive #crime @ydrcom', 'truncated': False, 'entities': {'hashtags': [{'text': 'fugitive', 'indices': [90, 99]}, {'text': 'crime', 'indices': [100, 106]}], 'symbols': [], 'user_mentions': [{'screen_name': 'TedCzechYDR', 'name': 'TedCzechYDR', 'id': 1108957010, 'id_str': '1108957010', 'indices': [3, 15]}, {'screen_name': 'ydrcom', 'name': 'YDR online', 'id': 8935172, 'id_str': '8935172', 'indices': [107, 114]}], 'urls': [{'url': 'https://t.co/AG3utBFfsV', 'expanded_url': 'http://www.ydr.com/story/news/crime/2017/03/01/us-marshals-catch-sexual-assault-suspect-york/98575170/', 'display_url': 'ydr.com/story/news/cri‚Ä¶', 'indices': [66, 89]}]}, 'metadata': {'iso_language_code': 'en', 'result_type': 'recent'}, 'source': '<a href=""http://www.hootsuite.com"" rel=""nofollow"">Hootsuite</a>', 'in_reply_to_status_id': None, 'in_reply_to_status_id_str': None, 'in_reply_to_user_id': None, 'in_reply_to_user_id_str': None, 'in_reply_to_screen_name': None, 'user': {'id': 8935172, 'id_str': '8935172', 'name': 'YDR online', 'screen_name': 'ydrcom', 'location': 'York, Pa.', 'description': ""The York Daily Record, York Sunday News and http://t.co/SLEMdsXDPO is York, Pa., and York County's No. 1 news and information source."", 'url': 'http://t.co/uXHbCvvpse', 'entities': {'url': {'urls': [{'url': 'http://t.co/uXHbCvvpse', 'expanded_url': 'http://www.ydr.com', 'display_url': 'ydr.com', 'indices': [0, 22]}]}, 'description': {'urls': [{'url': 'http://t.co/SLEMdsXDPO', 'expanded_url': 'http://ydr.com', 'display_url': 'ydr.com', 'indices': [44, 66]}]}}, 'protected': False, 'followers_count': 30374, 'friends_count': 2702, 'listed_count': 514, 'created_at': 'Mon Sep 17 18:04:15 +0000 2007', 'favourites_count': 1091, 'utc_offset': -18000, 'time_zone': 'Eastern Time (US & Canada)', 'geo_enabled': True, 'verified': True, 'statuses_count': 137785, 'lang': 'en', 'contributors_enabled': False, 'is_translator': False, 'is_translation_enabled': False, 'profile_background_color': '455B9D', 'profile_background_image_url': 'http://pbs.twimg.com/profile_background_images/176509905/ydr-twitter-bg.jpg', 'profile_background_image_url_https': 'https://pbs.twimg.com/profile_background_images/176509905/ydr-twitter-bg.jpg', 'profile_background_tile': True, 'profile_image_url': 'http://pbs.twimg.com/profile_images/1178588275/ydr-twitter_normal.jpg', 'profile_image_url_https': 'https://pbs.twimg.com/profile_images/1178588275/ydr-twitter_normal.jpg', 'profile_banner_url': 'https://pbs.twimg.com/profile_banners/8935172/1398257783', 'profile_link_color': '032999', 'profile_sidebar_border_color': 'A3A3A3', 'profile_sidebar_fill_color': 'CCCCCC', 'profile_text_color': '000000', 'profile_use_background_image': True, 'has_extended_profile': False, 'default_profile': False, 'default_profile_image': False, 'following': None, 'follow_request_sent': None, 'notifications': None, 'translator_type': 'none'}, 'geo': None, 'coordinates': None, 'place': None, 'contributors': None, 'retweeted_status': {'created_at': 'Wed Mar 01 15:35:25 +0000 2017', 'id': 836963091959136258, 'id_str': '836963091959136258', 'text': 'US Marshals catch sexual assault suspect in York https://t.co/AG3utBFfsV #fugitive #crime @ydrcom', 'truncated': False, 'entities': {'hashtags': [{'text': 'fugitive', 'indices': [73, 82]}, {'text': 'crime', 'indices': [83, 89]}], 'symbols': [], 'user_mentions': [{'screen_name': 'ydrcom', 'name': 'YDR online', 'id': 8935172, 'id_str': '8935172', 'indices': [90, 97]}], 'urls': [{'url': 'https://t.co/AG3utBFfsV', 'expanded_url': 'http://www.ydr.com/story/news/crime/2017/03/01/us-marshals-catch-sexual-assault-suspect-york/98575170/', 'display_url': 'ydr.com/story/news/cri‚Ä¶', 'indices': [49, 72]}]}, 'metadata': {'iso_language_code': 'en', 'result_type': 'recent'}, 'source': '<a href=""http://twitter.com"" rel=""nofollow"">Twitter Web Client</a>', 'in_reply_to_status_id': None, 'in_reply_to_status_id_str': None, 'in_reply_to_user_id': None, 'in_reply_to_user_id_str': None, 'in_reply_to_screen_name': None, 'user': {'id': 1108957010, 'id_str': '1108957010', 'name': 'TedCzechYDR', 'screen_name': 'TedCzechYDR', 'location': 'York, Pa.', 'description': 'Day cops reporter for @ydrcom, covering #police and #emergency #news in south-central #Pennsylvania.', 'url': 'http://t.co/vO3gFEju', 'entities': {'url': {'urls': [{'url': 'http://t.co/vO3gFEju', 'expanded_url': 'http://www.ydr.com', 'display_url': 'ydr.com', 'indices': [0, 20]}]}, 'description': {'urls': []}}, 'protected': False, 'followers_count': 4670, 'friends_count': 4711, 'listed_count': 106, 'created_at': 'Mon Jan 21 12:52:27 +0000 2013', 'favourites_count': 205, 'utc_offset': -18000, 'time_zone': 'Eastern Time (US & Canada)', 'geo_enabled': True, 'verified': True, 'statuses_count': 5782, 'lang': 'en', 'contributors_enabled': False, 'is_translator': False, 'is_translation_enabled': False, 'profile_background_color': 'C0DEED', 'profile_background_image_url': 'http://abs.twimg.com/images/themes/theme1/bg.png', 'profile_background_image_url_https': 'https://abs.twimg.com/images/themes/theme1/bg.png', 'profile_background_tile': False, 'profile_image_url': 'http://pbs.twimg.com/profile_images/651429506838753280/Xypm2WAa_normal.jpg', 'profile_image_url_https': 'https://pbs.twimg.com/profile_images/651429506838753280/Xypm2WAa_normal.jpg', 'profile_banner_url': 'https://pbs.twimg.com/profile_banners/1108957010/1444136589', 'profile_link_color': '1DA1F2', 'profile_sidebar_border_color': 'C0DEED', 'profile_sidebar_fill_color': 'DDEEF6', 'profile_text_color': '333333', 'profile_use_background_image': True, 'has_extended_profile': False, 'default_profile': True, 'default_profile_image': False, 'following': None, 'follow_request_sent': None, 'notifications': None, 'translator_type': 'none'}, 'geo': None, 'coordinates': None, 'place': None, 'contributors': None, 'is_quote_status': False, 'retweet_count': 1, 'favorite_count': 0, 'favorited': False, 'retweeted': False, 'possibly_sensitive': False, 'lang': 'en'}, 'is_quote_status': False, 'retweet_count': 1, 'favorite_count': 0, 'favorited': False, 'retweeted': False, 'possibly_sensitive': False, 'lang': 'en'}",none,Wed Mar 01 15:37:20 +0000 2017
836963556381900801,836963556381900801,,,RT @moviesontherox: Wow. This is a painfully bad take. Holy shit. https://t.co/POPeChyG5V, Jersey,19412968,"{'created_at': 'Wed Mar 01 15:37:16 +0000 2017', 'id': 836963556381900801, 'id_str': '836963556381900801', 'text': 'RT @moviesontherox: Wow. This is a painfully bad take. Holy shit. https://t.co/POPeChyG5V', 'truncated': False, 'entities': {'hashtags': [], 'symbols': [], 'user_mentions': [{'screen_name': 'moviesontherox', 'name': 'Brennen ü•É', 'id': 59974051, 'id_str': '59974051', 'indices': [3, 18]}], 'urls': [], 'media': [{'id': 836963349359378432, 'id_str': '836963349359378432', 'indices': [66, 89], 'media_url': 'http://pbs.twimg.com/media/C519u1iWQAAwB7-.jpg', 'media_url_https': 'https://pbs.twimg.com/media/C519u1iWQAAwB7-.jpg', 'url': 'https://t.co/POPeChyG5V', 'display_url': 'pic.twitter.com/POPeChyG5V', 'expanded_url': 'https://twitter.com/moviesontherox/status/836963351133573121/photo/1', 'type': 'photo', 'sizes': {'small': {'w': 680, 'h': 680, 'resize': 'fit'}, 'large': {'w': 1000, 'h': 1000, 'resize': 'fit'}, 'medium': {'w': 1000, 'h': 1000, 'resize': 'fit'}, 'thumb': {'w': 150, 'h': 150, 'resize': 'crop'}}, 'source_status_id': 836963351133573121, 'source_status_id_str': '836963351133573121', 'source_user_id': 59974051, 'source_user_id_str': '59974051'}]}, 'extended_entities': {'media': [{'id': 836963349359378432, 'id_str': '836963349359378432', 'indices': [66, 89], 'media_url': 'http://pbs.twimg.com/media/C519u1iWQAAwB7-.jpg', 'media_url_https': 'https://pbs.twimg.com/media/C519u1iWQAAwB7-.jpg', 'url': 'https://t.co/POPeChyG5V', 'display_url': 'pic.twitter.com/POPeChyG5V', 'expanded_url': 'https://twitter.com/moviesontherox/status/836963351133573121/photo/1', 'type': 'photo', 'sizes': {'small': {'w': 680, 'h': 680, 'resize': 'fit'}, 'large': {'w': 1000, 'h': 1000, 'resize': 'fit'}, 'medium': {'w': 1000, 'h': 1000, 'resize': 'fit'}, 'thumb': {'w': 150, 'h': 150, 'resize': 'crop'}}, 'source_status_id': 836963351133573121, 'source_status_id_str': '836963351133573121', 'source_user_id': 59974051, 'source_user_id_str': '59974051'}]}, 'metadata': {'iso_language_code': 'en', 'result_type': 'recent'}, 'source': '<a href=""http://twitter.com/download/iphone"" rel=""nofollow"">Twitter for iPhone</a>', 'in_reply_to_status_id': None, 'in_reply_to_status_id_str': None, 'in_reply_to_user_id': None, 'in_reply_to_user_id_str': None, 'in_reply_to_screen_name': None, 'user': {'id': 19412968, 'id_str': '19412968', 'name': 'Janet Snakehole', 'screen_name': 'vansciverju', 'location': ' Jersey', 'description': ""I am Julie. professional napper, car ride rapper. road rage champion 2016. worst story teller ever. I always dance like no one's watching."", 'url': None, 'entities': {'description': {'urls': []}}, 'protected': False, 'followers_count': 1239, 'friends_count': 266, 'listed_count': 33, 'created_at': 'Fri Jan 23 20:46:25 +0000 2009', 'favourites_count': 9937, 'utc_offset': None, 'time_zone': None, 'geo_enabled': True, 'verified': False, 'statuses_count': 44056, 'lang': 'en', 'contributors_enabled': False, 'is_translator': False, 'is_translation_enabled': False, 'profile_background_color': 'C2B64B', 'profile_background_image_url': 'http://pbs.twimg.com/profile_background_images/732566860/b0eb08996fde3182f73a64b25f2802c7.png', 'profile_background_image_url_https': 'https://pbs.twimg.com/profile_background_images/732566860/b0eb08996fde3182f73a64b25f2802c7.png', 'profile_background_tile': True, 'profile_image_url': 'http://pbs.twimg.com/profile_images/833837101154185216/4giDMzTR_normal.jpg', 'profile_image_url_https': 'https://pbs.twimg.com/profile_images/833837101154185216/4giDMzTR_normal.jpg', 'profile_banner_url': 'https://pbs.twimg.com/profile_banners/19412968/1481643355', 'profile_link_color': '84B7B7', 'profile_sidebar_border_color': 'E35A73', 'profile_sidebar_fill_color': '45BAB8', 'profile_text_color': '633F6A', 'profile_use_background_image': True, 'has_extended_profile': True, 'default_profile': False, 'default_profile_image': False, 'following': None, 'follow_request_sent': None, 'notifications': None, 'translator_type': 'none'}, 'geo': None, 'coordinates': None, 'place': None, 'contributors': None, 'retweeted_status': {'created_at': 'Wed Mar 01 15:36:27 +0000 2017', 'id': 836963351133573121, 'id_str': '836963351133573121', 'text': 'Wow. This is a painfully bad take. Holy shit. https://t.co/POPeChyG5V', 'truncated': False, 'entities': {'hashtags': [], 'symbols': [], 'user_mentions': [], 'urls': [], 'media': [{'id': 836963349359378432, 'id_str': '836963349359378432', 'indices': [46, 69], 'media_url': 'http://pbs.twimg.com/media/C519u1iWQAAwB7-.jpg', 'media_url_https': 'https://pbs.twimg.com/media/C519u1iWQAAwB7-.jpg', 'url': 'https://t.co/POPeChyG5V', 'display_url': 'pic.twitter.com/POPeChyG5V', 'expanded_url': 'https://twitter.com/moviesontherox/status/836963351133573121/photo/1', 'type': 'photo', 'sizes': {'small': {'w': 680, 'h': 680, 'resize': 'fit'}, 'large': {'w': 1000, 'h': 1000, 'resize': 'fit'}, 'medium': {'w': 1000, 'h': 1000, 'resize': 'fit'}, 'thumb': {'w': 150, 'h': 150, 'resize': 'crop'}}}]}, 'extended_entities': {'media': [{'id': 836963349359378432, 'id_str': '836963349359378432', 'indices': [46, 69], 'media_url': 'http://pbs.twimg.com/media/C519u1iWQAAwB7-.jpg', 'media_url_https': 'https://pbs.twimg.com/media/C519u1iWQAAwB7-.jpg', 'url': 'https://t.co/POPeChyG5V', 'display_url': 'pic.twitter.com/POPeChyG5V', 'expanded_url': 'https://twitter.com/moviesontherox/status/836963351133573121/photo/1', 'type': 'photo', 'sizes': {'small': {'w': 680, 'h': 680, 'resize': 'fit'}, 'large': {'w': 1000, 'h': 1000, 'resize': 'fit'}, 'medium': {'w': 1000, 'h': 1000, 'resize': 'fit'}, 'thumb': {'w': 150, 'h': 150, 'resize': 'crop'}}}]}, 'metadata': {'iso_language_code': 'en', 'result_type': 'recent'}, 'source': '<a href=""http://twitter.com/download/iphone"" rel=""nofollow"">Twitter for iPhone</a>', 'in_reply_to_status_id': None, 'in_reply_to_status_id_str': None, 'in_reply_to_user_id': None, 'in_reply_to_user_id_str': None, 'in_reply_to_screen_name': None, 'user': {'id': 59974051, 'id_str': '59974051', 'name': 'Brennen ü•É', 'screen_name': 'moviesontherox', 'location': 'Mechanicsburg, PA', 'description': 'Lover of film, books, and comics. Actor. #Eagles Twitter leading beard expert. Lifelong suffering 4/4 Philadelphia fan. Eagerly awaiting death and pancakes.', 'url': None, 'entities': {'description': {'urls': []}}, 'protected': False, 'followers_count': 1343, 'friends_count': 1573, 'listed_count': 65, 'created_at': 'Sat Jul 25 03:58:42 +0000 2009', 'favourites_count': 19929, 'utc_offset': -18000, 'time_zone': 'Eastern Time (US & Canada)', 'geo_enabled': True, 'verified': False, 'statuses_count': 34917, 'lang': 'en', 'contributors_enabled': False, 'is_translator': False, 'is_translation_enabled': False, 'profile_background_color': '000000', 'profile_background_image_url': 'http://pbs.twimg.com/profile_background_images/25340290/nvphillyegals.br.jpg', 'profile_background_image_url_https': 'https://pbs.twimg.com/profile_background_images/25340290/nvphillyegals.br.jpg', 'profile_background_tile': False, 'profile_image_url': 'http://pbs.twimg.com/profile_images/820801318147198977/4Of1eXgT_normal.jpg', 'profile_image_url_https': 'https://pbs.twimg.com/profile_images/820801318147198977/4Of1eXgT_normal.jpg', 'profile_banner_url': 'https://pbs.twimg.com/profile_banners/59974051/1358645509', 'profile_link_color': '4A913C', 'profile_sidebar_border_color': '01292D', 'profile_sidebar_fill_color': '004C54', 'profile_text_color': '8F8F8F', 'profile_use_background_image': True, 'has_extended_profile': True, 'default_profile': False, 'default_profile_image': False, 'following': None, 'follow_request_sent': None, 'notifications': None, 'translator_type': 'none'}, 'geo': None, 'coordinates': None, 'place': None, 'contributors': None, 'is_quote_status': False, 'retweet_count': 1, 'favorite_count': 0, 'favorited': False, 'retweeted': False, 'possibly_sensitive': False, 'lang': 'en'}, 'is_quote_status': False, 'retweet_count': 1, 'favorite_count': 0, 'favorited': False, 'retweeted': False, 'possibly_sensitive': False, 'lang': 'en'}",none,Wed Mar 01 15:37:16 +0000 2017
836963555366744065,836963555366744065,-76.727745,39.9625984,"We're #hiring! Click to apply: Physical Therapist / PT - PRN - Weekday and Weekend Hours - https://t.co/gI4YMcJicb #Therapy #York, PA #Job","Baltimore, MD",21221744,"{'created_at': 'Wed Mar 01 15:37:16 +0000 2017', 'id': 836963555366744065, 'id_str': '836963555366744065', 'text': ""We're #hiring! Click to apply: Physical Therapist / PT - PRN - Weekday and Weekend Hours - https://t.co/gI4YMcJicb #Therapy #York, PA #Job"", 'truncated': False, 'entities': {'hashtags': [{'text': 'hiring', 'indices': [6, 13]}, {'text': 'Therapy', 'indices': [115, 123]}, {'text': 'York', 'indices': [124, 129]}, {'text': 'Job', 'indices': [134, 138]}], 'symbols': [], 'user_mentions': [], 'urls': [{'url': 'https://t.co/gI4YMcJicb', 'expanded_url': 'http://bit.ly/2krlWW6', 'display_url': 'bit.ly/2krlWW6', 'indices': [91, 114]}]}, 'metadata': {'iso_language_code': 'en', 'result_type': 'recent'}, 'source': '<a href=""http://www.tweetmyjobs.com"" rel=""nofollow"">TweetMyJOBS</a>', 'in_reply_to_status_id': None, 'in_reply_to_status_id_str': None, 'in_reply_to_user_id': None, 'in_reply_to_user_id_str': None, 'in_reply_to_screen_name': None, 'user': {'id': 21221744, 'id_str': '21221744', 'name': 'Baltimore Health Job', 'screen_name': 'tmj_bal_health', 'location': 'Baltimore, MD', 'description': 'Follow this account for geo-targeted Healthcare job tweets in Baltimore, MD. Need help? Tweet us at @CareerArc!', 'url': 'https://t.co/DByWt45HZj', 'entities': {'url': {'urls': [{'url': 'https://t.co/DByWt45HZj', 'expanded_url': 'http://www.careerarc.com/job-seeker', 'display_url': 'careerarc.com/job-seeker', 'indices': [0, 23]}]}, 'description': {'urls': []}}, 'protected': False, 'followers_count': 660, 'friends_count': 303, 'listed_count': 161, 'created_at': 'Wed Feb 18 18:11:07 +0000 2009', 'favourites_count': 0, 'utc_offset': -18000, 'time_zone': 'Eastern Time (US & Canada)', 'geo_enabled': True, 'verified': False, 'statuses_count': 1174, 'lang': 'en', 'contributors_enabled': False, 'is_translator': False, 'is_translation_enabled': False, 'profile_background_color': '253956', 'profile_background_image_url': 'http://pbs.twimg.com/profile_background_images/315564838/Twitter-BG_2_bg-image.jpg', 'profile_background_image_url_https': 'https://pbs.twimg.com/profile_background_images/315564838/Twitter-BG_2_bg-image.jpg', 'profile_background_tile': False, 'profile_image_url': 'http://pbs.twimg.com/profile_images/667811182246408192/nuJ3eFzy_normal.jpg', 'profile_image_url_https': 'https://pbs.twimg.com/profile_images/667811182246408192/nuJ3eFzy_normal.jpg', 'profile_banner_url': 'https://pbs.twimg.com/profile_banners/21221744/1448053569', 'profile_link_color': '4A913C', 'profile_sidebar_border_color': '000000', 'profile_sidebar_fill_color': '407DB0', 'profile_text_color': '000000', 'profile_use_background_image': True, 'has_extended_profile': False, 'default_profile': False, 'default_profile_image': False, 'following': None, 'follow_request_sent': None, 'notifications': None, 'translator_type': 'none'}, 'geo': {'type': 'Point', 'coordinates': [39.9625984, -76.727745]}, 'coordinates': {'type': 'Point', 'coordinates': [-76.727745, 39.9625984]}, 'place': {'id': '39c84b689e24ab85', 'url': 'https://api.twitter.com/1.1/geo/id/39c84b689e24ab85.json', 'place_type': 'city', 'name': 'York', 'full_name': 'York, PA', 'country_code': 'US', 'country': 'United States', 'contained_within': [], 'bounding_box': {'type': 'Polygon', 'coordinates': [[[-76.762559, 39.942947], [-76.699457, 39.942947], [-76.699457, 39.991071], [-76.762559, 39.991071]]]}, 'attributes': {}}, 'contributors': None, 'is_quote_status': False, 'retweet_count': 0, 'favorite_count': 0, 'favorited': False, 'retweeted': False, 'possibly_sensitive': False, 'lang': 'en'}",none,Wed Mar 01 15:37:16 +0000 2017
836963547418624000,836963547418624000,,,RT @realJeffreyLord: Revealed Near Mosul: An Enormous ISIS Mass Grave - The Daily Beast - Horrific. This the face of the enemy. https://t.c‚Ä¶,Potchefstroom South Africa,2754999509,"{'created_at': 'Wed Mar 01 15:37:14 +0000 2017', 'id': 836963547418624000, 'id_str': '836963547418624000', 'text': 'RT @realJeffreyLord: Revealed Near Mosul: An Enormous ISIS Mass Grave - The Daily Beast - Horrific. This the face of the enemy. https://t.c‚Ä¶', 'truncated': False, 'entities': {'hashtags': [], 'symbols': [], 'user_mentions': [{'screen_name': 'realJeffreyLord', 'name': 'Jeff Lord', 'id': 397545273, 'id_str': '397545273', 'indices': [3, 19]}], 'urls': []}, 'metadata': {'iso_language_code': 'en', 'result_type': 'recent'}, 'source': '<a href=""http://twitter.com/download/android"" rel=""nofollow"">Twitter for Android</a>', 'in_reply_to_status_id': None, 'in_reply_to_status_id_str': None, 'in_reply_to_user_id': None, 'in_reply_to_user_id_str': None, 'in_reply_to_screen_name': None, 'user': {'id': 2754999509, 'id_str': '2754999509', 'name': 'Robinson G P', 'screen_name': 'maritzburggreg', 'location': 'Potchefstroom South Africa', 'description': 'Jesus loves you unconditionally no matter what you have done or who you are.', 'url': None, 'entities': {'description': {'urls': []}}, 'protected': False, 'followers_count': 1750, 'friends_count': 3804, 'listed_count': 63, 'created_at': 'Fri Aug 29 20:03:41 +0000 2014', 'favourites_count': 90, 'utc_offset': None, 'time_zone': None, 'geo_enabled': False, 'verified': False, 'statuses_count': 22180, 'lang': 'en', 'contributors_enabled': False, 'is_translator': False, 'is_translation_enabled': False, 'profile_background_color': '000000', 'profile_background_image_url': 'http://abs.twimg.com/images/themes/theme1/bg.png', 'profile_background_image_url_https': 'https://abs.twimg.com/images/themes/theme1/bg.png', 'profile_background_tile': False, 'profile_image_url': 'http://abs.twimg.com/sticky/default_profile_images/default_profile_3_normal.png', 'profile_image_url_https': 'https://abs.twimg.com/sticky/default_profile_images/default_profile_3_normal.png', 'profile_banner_url': 'https://pbs.twimg.com/profile_banners/2754999509/1457429155', 'profile_link_color': '1B95E0', 'profile_sidebar_border_color': '000000', 'profile_sidebar_fill_color': '000000', 'profile_text_color': '000000', 'profile_use_background_image': False, 'has_extended_profile': True, 'default_profile': False, 'default_profile_image': True, 'following': None, 'follow_request_sent': None, 'notifications': None, 'translator_type': 'none'}, 'geo': None, 'coordinates': None, 'place': None, 'contributors': None, 'retweeted_status': {'created_at': 'Mon Feb 27 23:13:45 +0000 2017', 'id': 836353656467435520, 'id_str': '836353656467435520', 'text': 'Revealed Near Mosul: An Enormous ISIS Mass Grave - The Daily Beast - Horrific. This the face of the enemy. https://t.co/jfmtPmJbwT', 'truncated': False, 'entities': {'hashtags': [], 'symbols': [], 'user_mentions': [], 'urls': [{'url': 'https://t.co/jfmtPmJbwT', 'expanded_url': 'http://www.thedailybeast.com/articles/2017/02/27/revealed-near-mosul-an-enormous-isis-mass-grave.html', 'display_url': 'thedailybeast.com/articles/2017/‚Ä¶', 'indices': [107, 130]}]}, 'metadata': {'iso_language_code': 'en', 'result_type': 'recent'}, 'source': '<a href=""http://www.apple.com"" rel=""nofollow"">iOS</a>', 'in_reply_to_status_id': None, 'in_reply_to_status_id_str': None, 'in_reply_to_user_id': None, 'in_reply_to_user_id_str': None, 'in_reply_to_screen_name': None, 'user': {'id': 397545273, 'id_str': '397545273', 'name': 'Jeff Lord', 'screen_name': 'realJeffreyLord', 'location': 'Harrisburg, PA', 'description': 'CNN political commentator, Reagan White House, American Spectator, Conservative Review, NewsBusters. Author. Interests: Politics, religion, writing, media.', 'url': None, 'entities': {'description': {'urls': []}}, 'protected': False, 'followers_count': 23919, 'friends_count': 186, 'listed_count': 341, 'created_at': 'Mon Oct 24 20:48:38 +0000 2011', 'favourites_count': 7, 'utc_offset': -28800, 'time_zone': 'Pacific Time (US & Canada)', 'geo_enabled': True, 'verified': False, 'statuses_count': 2425, 'lang': 'en', 'contributors_enabled': False, 'is_translator': False, 'is_translation_enabled': False, 'profile_background_color': 'C0DEED', 'profile_background_image_url': 'http://abs.twimg.com/images/themes/theme1/bg.png', 'profile_background_image_url_https': 'https://abs.twimg.com/images/themes/theme1/bg.png', 'profile_background_tile': False, 'profile_image_url': 'http://pbs.twimg.com/profile_images/520287112709410816/B3nn7rvh_normal.jpeg', 'profile_image_url_https': 'https://pbs.twimg.com/profile_images/520287112709410816/B3nn7rvh_normal.jpeg', 'profile_link_color': '1DA1F2', 'profile_sidebar_border_color': 'C0DEED', 'profile_sidebar_fill_color': 'DDEEF6', 'profile_text_color': '333333', 'profile_use_background_image': True, 'has_extended_profile': False, 'default_profile': True, 'default_profile_image': False, 'following': None, 'follow_request_sent': None, 'notifications': None, 'translator_type': 'none'}, 'geo': None, 'coordinates': None, 'place': None, 'contributors': None, 'is_quote_status': False, 'retweet_count': 39, 'favorite_count': 40, 'favorited': False, 'retweeted': False, 'possibly_sensitive': False, 'lang': 'en'}, 'is_quote_status': False, 'retweet_count': 39, 'favorite_count': 0, 'favorited': False, 'retweeted': False, 'possibly_sensitive': False, 'lang': 'en'}",none,Wed Mar 01 15:37:14 +0000 2017
836963544969150465,836963544969150465,,,Please join us! https://t.co/GifzSiyePK,"Mechanicsburg, PA",551579030,"{'created_at': 'Wed Mar 01 15:37:13 +0000 2017', 'id': 836963544969150465, 'id_str': '836963544969150465', 'text': 'Please join us! https://t.co/GifzSiyePK', 'truncated': False, 'entities': {'hashtags': [], 'symbols': [], 'user_mentions': [], 'urls': [{'url': 'https://t.co/GifzSiyePK', 'expanded_url': 'https://twitter.com/CapAreaChurch/status/836960360049623040', 'display_url': 'twitter.com/CapAreaChurch/‚Ä¶', 'indices': [16, 39]}]}, 'metadata': {'iso_language_code': 'en', 'result_type': 'recent'}, 'source': '<a href=""http://twitter.com/download/android"" rel=""nofollow"">Twitter for Android</a>', 'in_reply_to_status_id': None, 'in_reply_to_status_id_str': None, 'in_reply_to_user_id': None, 'in_reply_to_user_id_str': None, 'in_reply_to_screen_name': None, 'user': {'id': 551579030, 'id_str': '551579030', 'name': 'Deborah Arcuri', 'screen_name': 'ArcuriDeborah', 'location': 'Mechanicsburg, PA', 'description': 'Independent Consultant for Usborne Books and More. \nhttps://t.co/LWrDkAmQ20\n\nIndependent Consultant for Rodan &  Fields\nhttps://t.co/JL7VnJNBVG', 'url': None, 'entities': {'description': {'urls': [{'url': 'https://t.co/LWrDkAmQ20', 'expanded_url': 'https://R5702.myubam.com', 'display_url': 'R5702.myubam.com', 'indices': [52, 75]}, {'url': 'https://t.co/JL7VnJNBVG', 'expanded_url': 'http://darcuri77.myrandf.com', 'display_url': 'darcuri77.myrandf.com', 'indices': [120, 143]}]}}, 'protected': False, 'followers_count': 38, 'friends_count': 257, 'listed_count': 5, 'created_at': 'Thu Apr 12 05:02:03 +0000 2012', 'favourites_count': 74, 'utc_offset': -18000, 'time_zone': 'Eastern Time (US & Canada)', 'geo_enabled': True, 'verified': False, 'statuses_count': 312, 'lang': 'en', 'contributors_enabled': False, 'is_translator': False, 'is_translation_enabled': False, 'profile_background_color': '642D8B', 'profile_background_image_url': 'http://abs.twimg.com/images/themes/theme10/bg.gif', 'profile_background_image_url_https': 'https://abs.twimg.com/images/themes/theme10/bg.gif', 'profile_background_tile': True, 'profile_image_url': 'http://pbs.twimg.com/profile_images/830547502730506241/GhN-OyGK_normal.jpg', 'profile_image_url_https': 'https://pbs.twimg.com/profile_images/830547502730506241/GhN-OyGK_normal.jpg', 'profile_banner_url': 'https://pbs.twimg.com/profile_banners/551579030/1478376328', 'profile_link_color': 'FF0000', 'profile_sidebar_border_color': '65B0DA', 'profile_sidebar_fill_color': '7AC3EE', 'profile_text_color': '3D1957', 'profile_use_background_image': True, 'has_extended_profile': True, 'default_profile': False, 'default_profile_image': False, 'following': None, 'follow_request_sent': None, 'notifications': None, 'translator_type': 'none'}, 'geo': None, 'coordinates': None, 'place': None, 'contributors': None, 'is_quote_status': True, 'quoted_status_id': 836960360049623040, 'quoted_status_id_str': '836960360049623040', 'quoted_status': {'created_at': 'Wed Mar 01 15:24:34 +0000 2017', 'id': 836960360049623040, 'id_str': '836960360049623040', 'text': 'Are you a young, single mom in need of encouragement and support? Join our Embrace Grace group. Sign up here:‚Ä¶ https://t.co/IuStkysqNa', 'truncated': True, 'entities': {'hashtags': [], 'symbols': [], 'user_mentions': [], 'urls': [{'url': 'https://t.co/IuStkysqNa', 'expanded_url': 'https://twitter.com/i/web/status/836960360049623040', 'display_url': 'twitter.com/i/web/status/8‚Ä¶', 'indices': [111, 134]}]}, 'metadata': {'iso_language_code': 'en', 'result_type': 'recent'}, 'source': '<a href=""http://twitter.com"" rel=""nofollow"">Twitter Web Client</a>', 'in_reply_to_status_id': None, 'in_reply_to_status_id_str': None, 'in_reply_to_user_id': None, 'in_reply_to_user_id_str': None, 'in_reply_to_screen_name': None, 'user': {'id': 499477394, 'id_str': '499477394', 'name': 'Capital Area Church', 'screen_name': 'CapAreaChurch', 'location': 'Mechanicsburg & Etters, PA', 'description': 'A Independent Christian Church in the Harrisburg Area #HBG  with two locations in #Mechanicsburg and #Etters', 'url': 'http://t.co/qCIHp2gyi0', 'entities': {'url': {'urls': [{'url': 'http://t.co/qCIHp2gyi0', 'expanded_url': 'http://www.capitalareachurch.com', 'display_url': 'capitalareachurch.com', 'indices': [0, 22]}]}, 'description': {'urls': []}}, 'protected': False, 'followers_count': 210, 'friends_count': 225, 'listed_count': 0, 'created_at': 'Wed Feb 22 04:55:54 +0000 2012', 'favourites_count': 50, 'utc_offset': -18000, 'time_zone': 'Eastern Time (US & Canada)', 'geo_enabled': False, 'verified': False, 'statuses_count': 1186, 'lang': 'en', 'contributors_enabled': False, 'is_translator': False, 'is_translation_enabled': False, 'profile_background_color': 'ABB8C2', 'profile_background_image_url': 'http://pbs.twimg.com/profile_background_images/849886166/d2493f0fb37d843a3ef3bbc3a2acf435.png', 'profile_background_image_url_https': 'https://pbs.twimg.com/profile_background_images/849886166/d2493f0fb37d843a3ef3bbc3a2acf435.png', 'profile_background_tile': True, 'profile_image_url': 'http://pbs.twimg.com/profile_images/610852766089502720/lRDW_XTI_normal.jpg', 'profile_image_url_https': 'https://pbs.twimg.com/profile_images/610852766089502720/lRDW_XTI_normal.jpg', 'profile_banner_url': 'https://pbs.twimg.com/profile_banners/499477394/1434471257', 'profile_link_color': '3B94D9', 'profile_sidebar_border_color': 'FFFFFF', 'profile_sidebar_fill_color': 'D6B465', 'profile_text_color': 'E87801', 'profile_use_background_image': False, 'has_extended_profile': False, 'default_profile': False, 'default_profile_image': False, 'following': None, 'follow_request_sent': None, 'notifications': None, 'translator_type': 'none'}, 'geo': None, 'coordinates': None, 'place': None, 'contributors': None, 'is_quote_status': False, 'retweet_count': 0, 'favorite_count': 1, 'favorited': False, 'retweeted': False, 'possibly_sensitive': False, 'lang': 'en'}, 'retweet_count': 0, 'favorite_count': 0, 'favorited': False, 'retweeted': False, 'possibly_sensitive': True, 'lang': 'en'}",none,Wed Mar 01 15:37:13 +0000 2017
